{"type":"FeatureCollection", "features": [
{"type":"Feature","geometry":{"type":"Polygon","coordinates":[[[-62.418,-13.119],[-62.352,-13.143],[-62.317,-13.134],[-62.299,-13.151],[-62.246,-13.145],[-62.245,-13.121],[-62.215,-13.111],[-62.191,-13.154],[-62.17,-13.134],[-62.143,-13.161],[-62.115,-13.164],[-62.109,-13.219],[-62.116,-13.258],[-62.069,-13.296],[-62.003,-13.365],[-61.98,-13.365],[-61.962,-13.391],[-61.914,-13.434],[-61.887,-13.441],[-61.883,-13.497],[-61.869,-13.528],[-61.834,-13.539],[-61.817,-13.527],[-61.757,-13.541],[-61.694,-13.508],[-61.651,-13.519],[-61.586,-13.501],[-61.508,-13.548],[-61.47,-13.555],[-61.402,-13.538],[-61.39,-13.52],[-61.35,-13.521],[-61.329,-13.504],[-61.275,-13.506],[-61.248,-13.496],[-61.222,-13.53],[-61.171,-13.511],[-61.153,-13.527],[-61.103,-13.516],[-61.088,-13.492],[-61.041,-13.508],[-61.015,-13.487],[-61.006,-13.55],[-60.967,-13.537],[-60.951,-13.552],[-60.919,-13.548],[-60.909,-13.585],[-60.88,-13.617],[-60.829,-13.629],[-60.81,-13.655],[-60.77,-13.665],[-60.769,-13.684],[-60.709,-13.693],[-60.714,-13.676],[-60.686,-13.625],[-60.624,-13.569],[-60.578,-13.565],[-60.536,-13.537],[-60.511,-13.504],[-60.43,-13.482],[-60.388,-13.455],[-60.373,-13.412],[-60.38,-13.375],[-60.366,-13.332],[-60.372,-13.319],[-60.333,-13.258],[-60.33,-13.235],[-60.304,-13.178],[-60.268,-13.145],[-60.284,-13.085],[-60.241,-13.038],[-60.215,-13.027],[-60.214,-13.007],[-60.183,-12.968],[-60.117,-12.96],[-60.101,-12.913],[-60.079,-12.881],[-60.083,-12.853],[-60.066,-12.811],[-60.062,-12.757],[-60.075,-12.734],[-60.056,-12.705],[-60.06,-12.664],[-60.029,-12.619],[-59.982,-12.592],[-59.948,-12.599],[-59.896,-12.536],[-59.898,-12.502],[-59.844,-12.467],[-59.842,-12.425],[-59.819,-12.379],[-59.779,-12.341],[-59.774,-12.341],[-59.887,-12.245],[-59.911,-12.186],[-59.9,-12.166],[-59.9,-12.117],[-59.929,-12.078],[-59.962,-12.056],[-59.97,-12.032],[-59.971,-11.97],[-59.987,-11.96],[-59.984,-11.915],[-60.007,-11.895],[-60.066,-11.891],[-60.088,-11.863],[-60.103,-11.819],[-60.097,-11.795],[-60.112,-11.759],[-60.122,-11.682],[-60.11,-11.615],[-60.115,-11.591],[-60.094,-11.563],[-60.057,-11.542],[-60.031,-11.497],[-59.985,-11.469],[-59.976,-11.439],[-59.934,-11.424],[-59.921,-11.398],[-59.925,-11.362],[-59.917,-11.338],[-59.927,-11.311],[-59.959,-11.295],[-59.968,-11.253],[-59.98,-11.239],[-59.981,-11.204],[-59.995,-11.148],[-59.977,-11.122],[-60.032,-11.128],[-60.066,-11.121],[-60.075,-11.105],[-60.105,-11.109],[-60.159,-11.096],[-60.191,-11.114],[-60.241,-11.097],[-60.281,-11.091],[-60.282,-11.064],[-60.301,-11.057],[-60.342,-11.083],[-60.35,-11.108],[-60.392,-11.094],[-60.411,-11.047],[-60.43,-11.037],[-60.46,-10.99],[-61.001,-10.988],[-61.001,-10.992],[-61.429,-10.987],[-61.55,-10.986],[-61.53,-10.979],[-61.52,-10.919],[-61.525,-10.856],[-61.509,-10.832],[-61.505,-10.785],[-61.48,-10.788],[-61.476,-10.722],[-61.499,-10.699],[-61.484,-10.674],[-61.476,-10.608],[-61.481,-10.488],[-61.462,-10.42],[-61.503,-10.376],[-61.502,-10.354],[-61.53,-10.333],[-61.577,-10.249],[-61.574,-10.209],[-61.558,-10.182],[-61.601,-10.15],[-61.572,-10.046],[-61.556,-10.039],[-61.54,-10],[-61.523,-9.947],[-61.525,-9.907],[-61.511,-9.896],[-61.508,-9.861],[-61.525,-9.796],[-61.546,-9.785],[-61.531,-9.74],[-61.575,-9.718],[-61.532,-9.712],[-61.502,-9.683],[-61.477,-9.63],[-61.497,-9.624],[-61.496,-9.574],[-61.508,-9.54],[-61.549,-9.512],[-61.582,-9.459],[-61.557,-9.436],[-61.559,-9.385],[-61.628,-9.352],[-61.616,-9.327],[-61.612,-9.281],[-61.6,-9.256],[-61.568,-9.237],[-61.525,-9.243],[-61.524,-9.179],[-61.555,-9.131],[-61.556,-9.092],[-61.506,-8.966],[-61.469,-8.92],[-61.512,-8.861],[-61.514,-8.837],[-61.583,-8.799],[-61.606,-8.795],[-61.63,-8.753],[-61.626,-8.729],[-61.674,-8.705],[-61.705,-8.707],[-61.713,-8.688],[-61.742,-8.695],[-61.749,-8.724],[-61.775,-8.748],[-61.841,-8.739],[-61.843,-8.779],[-61.861,-8.804],[-61.86,-8.853],[-61.903,-8.863],[-61.938,-8.881],[-61.991,-8.865],[-62.004,-8.83],[-62.031,-8.8],[-62.074,-8.799],[-62.098,-8.809],[-62.125,-8.802],[-62.155,-8.74],[-62.149,-8.718],[-62.172,-8.695],[-62.165,-8.679],[-62.2,-8.644],[-62.175,-8.628],[-62.184,-8.599],[-62.269,-8.576],[-62.294,-8.605],[-62.289,-8.639],[-62.336,-8.609],[-62.326,-8.564],[-62.337,-8.517],[-62.366,-8.494],[-62.369,-8.446],[-62.361,-8.398],[-62.384,-8.378],[-62.425,-8.375],[-62.465,-8.34],[-62.518,-8.385],[-62.54,-8.358],[-62.585,-8.272],[-62.6,-8.272],[-62.655,-8.229],[-62.66,-8.2],[-62.687,-8.174],[-62.673,-8.145],[-62.692,-8.093],[-62.744,-8.045],[-62.786,-8.026],[-62.81,-8.025],[-62.833,-7.994],[-62.867,-7.976],[-63.118,-7.977],[-63.621,-7.976],[-63.622,-8.03],[-63.667,-8.082],[-63.662,-8.101],[-63.693,-8.158],[-63.741,-8.19],[-63.749,-8.208],[-63.723,-8.249],[-63.747,-8.27],[-63.773,-8.321],[-63.791,-8.333],[-63.825,-8.306],[-63.871,-8.289],[-63.895,-8.302],[-63.911,-8.328],[-63.944,-8.331],[-63.945,-8.388],[-63.977,-8.41],[-63.941,-8.452],[-63.973,-8.478],[-63.971,-8.499],[-63.944,-8.527],[-63.946,-8.55],[-63.925,-8.575],[-63.946,-8.609],[-63.986,-8.586],[-64.016,-8.668],[-64.035,-8.694],[-64.095,-8.728],[-64.125,-8.717],[-64.143,-8.743],[-64.145,-8.776],[-64.129,-8.805],[-64.158,-8.843],[-64.142,-8.945],[-64.233,-8.992],[-64.257,-8.988],[-64.311,-8.996],[-64.326,-8.98],[-64.31,-8.934],[-64.323,-8.929],[-64.38,-8.947],[-64.447,-8.977],[-64.55,-8.978],[-64.579,-8.988],[-64.588,-9.009],[-64.611,-9.016],[-64.641,-9.007],[-64.671,-9.015],[-64.683,-8.994],[-64.714,-8.994],[-64.731,-9.012],[-64.761,-9.021],[-64.778,-8.994],[-64.808,-8.986],[-64.871,-9.012],[-64.894,-9.044],[-64.917,-9.043],[-64.916,-9.075],[-64.94,-9.125],[-64.92,-9.22],[-64.963,-9.293],[-65,-9.305],[-65.053,-9.402],[-65.078,-9.401],[-65.089,-9.425],[-65.143,-9.447],[-65.186,-9.427],[-65.174,-9.385],[-65.196,-9.375],[-65.188,-9.345],[-65.209,-9.31],[-65.212,-9.279],[-65.247,-9.258],[-65.27,-9.264],[-65.307,-9.291],[-65.377,-9.324],[-65.44,-9.312],[-65.447,-9.379],[-65.457,-9.401],[-65.432,-9.459],[-65.457,-9.47],[-65.503,-9.47],[-65.548,-9.426],[-65.588,-9.414],[-65.679,-9.451],[-65.681,-9.5],[-65.696,-9.508],[-65.73,-9.563],[-65.8,-9.585],[-65.818,-9.562],[-65.825,-9.53],[-65.848,-9.532],[-65.881,-9.487],[-65.918,-9.478],[-65.932,-9.448],[-65.97,-9.413],[-66.042,-9.402],[-66.06,-9.418],[-66.124,-9.409],[-66.174,-9.434],[-66.205,-9.426],[-66.243,-9.429],[-66.26,-9.411],[-66.319,-9.42],[-66.353,-9.417],[-66.375,-9.426],[-66.409,-9.407],[-66.389,-9.464],[-66.392,-9.5],[-66.429,-9.533],[-66.439,-9.554],[-66.495,-9.602],[-66.501,-9.634],[-66.537,-9.643],[-66.586,-9.674],[-66.609,-9.665],[-66.624,-9.681],[-66.685,-9.715],[-66.692,-9.734],[-66.725,-9.756],[-66.775,-9.753],[-66.781,-9.791],[-66.81,-9.818],[-66.627,-9.898],[-66.588,-9.9],[-66.559,-9.881],[-66.534,-9.885],[-66.473,-9.868],[-66.465,-9.876],[-66.403,-9.864],[-66.358,-9.864],[-66.355,-9.848],[-66.313,-9.833],[-66.286,-9.845],[-66.253,-9.832],[-66.238,-9.815],[-66.215,-9.833],[-66.195,-9.806],[-66.152,-9.786],[-66.033,-9.789],[-65.985,-9.806],[-65.973,-9.777],[-65.919,-9.753],[-65.904,-9.767],[-65.871,-9.753],[-65.871,-9.791],[-65.854,-9.794],[-65.822,-9.767],[-65.806,-9.788],[-65.784,-9.786],[-65.773,-9.758],[-65.746,-9.781],[-65.723,-9.757],[-65.7,-9.788],[-65.671,-9.781],[-65.624,-9.836],[-65.568,-9.839],[-65.553,-9.804],[-65.513,-9.793],[-65.501,-9.73],[-65.443,-9.693],[-65.443,-9.669],[-65.392,-9.688],[-65.357,-9.72],[-65.327,-9.784],[-65.322,-9.811],[-65.293,-9.833],[-65.296,-9.878],[-65.329,-9.921],[-65.333,-9.944],[-65.321,-10.003],[-65.329,-10.043],[-65.32,-10.079],[-65.301,-10.101],[-65.307,-10.165],[-65.289,-10.22],[-65.307,-10.25],[-65.327,-10.305],[-65.392,-10.374],[-65.381,-10.429],[-65.405,-10.464],[-65.43,-10.481],[-65.411,-10.513],[-65.418,-10.54],[-65.398,-10.581],[-65.416,-10.617],[-65.405,-10.641],[-65.358,-10.657],[-65.344,-10.7],[-65.348,-10.778],[-65.362,-10.802],[-65.317,-10.825],[-65.276,-10.871],[-65.267,-10.922],[-65.286,-10.923],[-65.251,-10.984],[-65.297,-11.026],[-65.283,-11.059],[-65.289,-11.094],[-65.325,-11.104],[-65.351,-11.122],[-65.363,-11.147],[-65.351,-11.186],[-65.326,-11.187],[-65.326,-11.212],[-65.361,-11.223],[-65.36,-11.258],[-65.34,-11.312],[-65.301,-11.316],[-65.335,-11.357],[-65.319,-11.447],[-65.305,-11.502],[-65.229,-11.516],[-65.212,-11.53],[-65.235,-11.577],[-65.23,-11.623],[-65.218,-11.652],[-65.257,-11.696],[-65.251,-11.721],[-65.205,-11.749],[-65.174,-11.753],[-65.183,-11.722],[-65.128,-11.72],[-65.091,-11.708],[-65.06,-11.791],[-65.071,-11.869],[-65.054,-11.885],[-65.019,-11.892],[-65.028,-11.946],[-65.029,-11.998],[-65.001,-11.993],[-64.981,-12.017],[-64.948,-11.993],[-64.917,-12.028],[-64.884,-12.014],[-64.84,-12.011],[-64.813,-12.045],[-64.81,-12.064],[-64.832,-12.081],[-64.842,-12.107],[-64.823,-12.121],[-64.809,-12.094],[-64.788,-12.086],[-64.76,-12.102],[-64.769,-12.146],[-64.742,-12.151],[-64.739,-12.1],[-64.707,-12.088],[-64.698,-12.104],[-64.718,-12.142],[-64.713,-12.174],[-64.616,-12.215],[-64.595,-12.216],[-64.569,-12.22],[-64.552,-12.242],[-64.513,-12.223],[-64.503,-12.235],[-64.493,-12.291],[-64.501,-12.331],[-64.499,-12.367],[-64.462,-12.386],[-64.449,-12.407],[-64.406,-12.447],[-64.345,-12.46],[-64.295,-12.458],[-64.299,-12.491],[-64.284,-12.503],[-64.234,-12.455],[-64.171,-12.47],[-64.174,-12.501],[-64.115,-12.504],[-64.057,-12.492],[-64.04,-12.515],[-63.991,-12.505],[-63.963,-12.53],[-63.94,-12.527],[-63.898,-12.5],[-63.901,-12.483],[-63.873,-12.447],[-63.834,-12.463],[-63.786,-12.428],[-63.767,-12.441],[-63.734,-12.439],[-63.685,-12.453],[-63.621,-12.473],[-63.614,-12.485],[-63.55,-12.508],[-63.527,-12.546],[-63.502,-12.567],[-63.437,-12.564],[-63.429,-12.591],[-63.384,-12.653],[-63.349,-12.656],[-63.299,-12.682],[-63.242,-12.691],[-63.24,-12.671],[-63.163,-12.635],[-63.091,-12.636],[-63.095,-12.684],[-63.083,-12.712],[-63.055,-12.731],[-63.034,-12.781],[-63.01,-12.808],[-63.007,-12.84],[-62.943,-12.855],[-62.921,-12.841],[-62.892,-12.859],[-62.894,-12.873],[-62.87,-12.911],[-62.803,-12.945],[-62.809,-12.962],[-62.779,-13.01],[-62.734,-13.022],[-62.725,-13.001],[-62.699,-13.003],[-62.661,-12.969],[-62.629,-12.996],[-62.633,-13.011],[-62.613,-13.041],[-62.547,-13.074],[-62.524,-13.065],[-62.503,-13.083],[-62.443,-13.08],[-62.418,-13.119]]]},"properties":{"uf":"RO"}},
{"type":"Feature","geometry":{"type":"Polygon","coordinates":[[[-66.81,-9.818],[-67.135,-9.676],[-67.325,-9.592],[-67.326,-9.592],[-67.517,-9.561],[-67.977,-9.353],[-68.22,-9.243],[-68.647,-9.049],[-68.921,-8.814],[-69.213,-8.564],[-69.444,-8.366],[-69.802,-8.061],[-70.055,-7.845],[-70.515,-7.792],[-70.735,-7.767],[-71.088,-7.726],[-71.382,-7.692],[-71.646,-7.662],[-71.945,-7.627],[-72.169,-7.601],[-72.585,-7.552],[-72.9,-7.438],[-73.293,-7.296],[-73.738,-7.135],[-73.802,-7.112],[-73.759,-7.174],[-73.755,-7.198],[-73.714,-7.234],[-73.716,-7.267],[-73.699,-7.296],[-73.718,-7.329],[-73.747,-7.344],[-73.77,-7.331],[-73.794,-7.344],[-73.817,-7.335],[-73.852,-7.347],[-73.876,-7.382],[-73.909,-7.378],[-73.931,-7.352],[-73.966,-7.352],[-73.959,-7.378],[-73.93,-7.425],[-73.919,-7.465],[-73.947,-7.526],[-73.99,-7.536],[-73.942,-7.599],[-73.886,-7.636],[-73.873,-7.671],[-73.846,-7.675],[-73.822,-7.717],[-73.74,-7.734],[-73.693,-7.771],[-73.682,-7.79],[-73.684,-7.844],[-73.704,-7.873],[-73.766,-7.87],[-73.753,-7.89],[-73.746,-7.953],[-73.698,-7.96],[-73.676,-8.008],[-73.649,-8.002],[-73.627,-8.021],[-73.632,-8.059],[-73.594,-8.097],[-73.586,-8.186],[-73.572,-8.23],[-73.54,-8.263],[-73.53,-8.315],[-73.537,-8.345],[-73.482,-8.392],[-73.422,-8.407],[-73.407,-8.419],[-73.394,-8.467],[-73.365,-8.463],[-73.332,-8.475],[-73.328,-8.517],[-73.344,-8.602],[-73.32,-8.614],[-73.285,-8.666],[-73.248,-8.687],[-73.208,-8.681],[-73.176,-8.694],[-73.142,-8.723],[-73.128,-8.771],[-73.112,-8.792],[-73.112,-8.816],[-73.077,-8.861],[-73.056,-8.907],[-72.995,-8.92],[-72.966,-8.979],[-72.94,-9.069],[-72.944,-9.102],[-72.964,-9.147],[-73.009,-9.168],[-72.995,-9.19],[-73.022,-9.226],[-73.056,-9.225],[-73.087,-9.244],[-73.111,-9.282],[-73.101,-9.304],[-73.139,-9.322],[-73.157,-9.351],[-73.186,-9.36],[-73.193,-9.393],[-73.212,-9.412],[-72.72,-9.412],[-72.704,-9.433],[-72.663,-9.448],[-72.622,-9.445],[-72.532,-9.474],[-72.524,-9.489],[-72.442,-9.48],[-72.366,-9.49],[-72.34,-9.509],[-72.323,-9.541],[-72.291,-9.536],[-72.282,-9.55],[-72.289,-9.602],[-72.247,-9.656],[-72.251,-9.693],[-72.271,-9.745],[-72.214,-9.774],[-72.175,-9.782],[-72.153,-9.797],[-72.164,-9.82],[-72.141,-9.877],[-72.174,-9.922],[-72.156,-9.96],[-72.18,-10],[-71.719,-10],[-71.377,-10],[-71.339,-9.972],[-71.308,-9.992],[-71.253,-9.964],[-71.211,-9.966],[-71.163,-9.875],[-71.128,-9.852],[-71.102,-9.852],[-71.078,-9.828],[-70.998,-9.818],[-70.974,-9.762],[-70.952,-9.742],[-70.925,-9.742],[-70.88,-9.688],[-70.869,-9.665],[-70.838,-9.657],[-70.79,-9.632],[-70.786,-9.614],[-70.756,-9.6],[-70.747,-9.563],[-70.73,-9.568],[-70.693,-9.535],[-70.661,-9.522],[-70.624,-9.471],[-70.598,-9.46],[-70.57,-9.432],[-70.495,-9.425],[-70.522,-9.457],[-70.512,-9.481],[-70.586,-9.575],[-70.598,-9.606],[-70.572,-9.66],[-70.541,-9.682],[-70.527,-9.726],[-70.538,-9.768],[-70.56,-9.789],[-70.613,-9.805],[-70.621,-9.832],[-70.621,-10.079],[-70.62,-10.425],[-70.621,-10.705],[-70.621,-11],[-70.53,-10.935],[-70.453,-10.997],[-70.421,-11.039],[-70.373,-11.061],[-70.308,-11.071],[-70.282,-11.056],[-70.24,-11.049],[-70.202,-11.054],[-70.131,-11.023],[-70.089,-10.985],[-70.063,-10.993],[-69.975,-10.949],[-69.949,-10.925],[-69.9,-10.92],[-69.873,-10.93],[-69.812,-10.926],[-69.76,-10.939],[-69.719,-10.975],[-69.659,-10.953],[-69.634,-10.958],[-69.585,-10.94],[-69.541,-10.951],[-69.521,-10.936],[-69.479,-10.955],[-69.423,-10.927],[-69.389,-10.939],[-69.353,-10.936],[-69.327,-10.949],[-69.292,-10.95],[-69.233,-10.94],[-69.157,-10.963],[-69.084,-10.97],[-69.044,-10.981],[-69.001,-11.009],[-68.966,-10.988],[-68.948,-11.012],[-68.912,-11.022],[-68.895,-11.006],[-68.86,-11.016],[-68.811,-10.994],[-68.749,-11.019],[-68.765,-11.066],[-68.742,-11.097],[-68.721,-11.103],[-68.716,-11.146],[-68.543,-11.111],[-68.487,-11.051],[-68.445,-11.046],[-68.434,-11.032],[-68.406,-11.054],[-68.388,-11.041],[-68.385,-11.018],[-68.345,-11.004],[-68.331,-11.013],[-68.306,-10.992],[-68.279,-10.989],[-68.239,-10.958],[-68.229,-10.921],[-68.207,-10.902],[-68.206,-10.881],[-68.154,-10.821],[-68.104,-10.773],[-68.105,-10.715],[-68.076,-10.685],[-68.002,-10.648],[-67.976,-10.663],[-67.963,-10.65],[-67.931,-10.656],[-67.886,-10.64],[-67.828,-10.651],[-67.791,-10.678],[-67.758,-10.686],[-67.73,-10.713],[-67.704,-10.7],[-67.676,-10.605],[-67.66,-10.615],[-67.635,-10.58],[-67.61,-10.562],[-67.605,-10.534],[-67.567,-10.509],[-67.546,-10.495],[-67.436,-10.448],[-67.411,-10.418],[-67.424,-10.391],[-67.401,-10.372],[-67.381,-10.381],[-67.32,-10.382],[-67.316,-10.319],[-67.254,-10.329],[-67.224,-10.316],[-67.17,-10.338],[-67.134,-10.316],[-67.126,-10.29],[-67.085,-10.29],[-67.051,-10.267],[-67.01,-10.252],[-67.002,-10.23],[-66.983,-10.197],[-66.951,-10.187],[-66.947,-10.16],[-66.911,-10.146],[-66.894,-10.11],[-66.871,-10.081],[-66.808,-10.05],[-66.79,-10.022],[-66.718,-9.974],[-66.675,-9.967],[-66.656,-9.936],[-66.636,-9.943],[-66.627,-9.898],[-66.81,-9.818]]]},"properties":{"uf":"AC"}},
{"type":"Feature","geometry":{"type":"Polygon","coordinates":[[[-58.147,-7.343],[-58.17,-7.313],[-58.175,-7.271],[-58.168,-7.239],[-58.181,-7.182],[-58.24,-7.095],[-58.288,-7.062],[-58.335,-6.986],[-58.38,-6.97],[-58.435,-6.909],[-58.482,-6.781],[-58.478,-6.7],[-58.465,-6.67],[-58.427,-6.616],[-58.35,-6.562],[-58.332,-6.533],[-58.327,-6.5],[-58.293,-6.494],[-58.267,-6.476],[-58.174,-6.279],[-58.034,-5.978],[-57.861,-5.601],[-57.772,-5.407],[-57.586,-5.001],[-57.475,-4.767],[-57.35,-4.502],[-57.13,-4.034],[-57,-3.759],[-56.956,-3.659],[-56.914,-3.562],[-56.887,-3.499],[-56.81,-3.333],[-56.768,-3.243],[-56.656,-3],[-56.61,-2.896],[-56.426,-2.502],[-56.402,-2.456],[-56.464,-2.432],[-56.466,-2.423],[-56.426,-2.369],[-56.413,-2.322],[-56.389,-2.278],[-56.364,-2.259],[-56.307,-2.242],[-56.263,-2.221],[-56.204,-2.183],[-56.169,-2.145],[-56.098,-2.037],[-56.099,-2.027],[-56.187,-2.043],[-56.197,-2.057],[-56.228,-2.056],[-56.256,-2.088],[-56.297,-2.101],[-56.317,-2.14],[-56.351,-2.149],[-56.368,-2.137],[-56.414,-2.176],[-56.444,-2.154],[-56.478,-2.17],[-56.508,-2.144],[-56.527,-2.139],[-56.57,-2.175],[-56.586,-2.176],[-56.613,-2.21],[-56.635,-2.204],[-56.679,-2.213],[-56.708,-2.184],[-56.761,-2.174],[-56.769,-2.141],[-56.727,-2.081],[-56.727,-2.031],[-56.748,-2.011],[-56.793,-2.021],[-56.859,-2.016],[-56.876,-1.992],[-56.924,-1.964],[-56.961,-1.953],[-56.988,-1.907],[-57.028,-1.918],[-57.068,-1.854],[-57.079,-1.803],[-57.11,-1.792],[-57.125,-1.768],[-57.171,-1.751],[-57.202,-1.713],[-57.231,-1.727],[-57.292,-1.708],[-57.309,-1.732],[-57.328,-1.716],[-57.353,-1.737],[-57.386,-1.698],[-57.443,-1.665],[-57.473,-1.679],[-57.544,-1.611],[-57.622,-1.589],[-57.689,-1.587],[-57.718,-1.503],[-57.758,-1.502],[-57.795,-1.487],[-57.825,-1.438],[-57.877,-1.423],[-57.911,-1.405],[-57.96,-1.397],[-57.956,-1.378],[-57.999,-1.331],[-57.987,-1.301],[-57.964,-1.204],[-57.969,-1.163],[-58.001,-1.148],[-58.017,-1.104],[-58.059,-1.106],[-58.081,-1.131],[-58.093,-1.162],[-58.163,-1.23],[-58.258,-1.131],[-58.317,-1.148],[-58.348,-1.113],[-58.364,-1.071],[-58.428,-1.025],[-58.424,-0.991],[-58.411,-0.982],[-58.452,-0.924],[-58.434,-0.892],[-58.461,-0.863],[-58.474,-0.869],[-58.498,-0.836],[-58.536,-0.822],[-58.609,-0.762],[-58.637,-0.72],[-58.706,-0.68],[-58.713,-0.645],[-58.736,-0.619],[-58.731,-0.581],[-58.709,-0.546],[-58.711,-0.518],[-58.736,-0.472],[-58.725,-0.438],[-58.783,-0.389],[-58.836,-0.373],[-58.869,-0.347],[-58.876,-0.311],[-58.865,-0.265],[-58.879,-0.229],[-58.881,-0.197],[-58.865,-0.169],[-58.864,-0.078],[-58.887,-0.059],[-58.895,-0.011],[-58.895,0.264],[-59.192,0.264],[-59.263,0.264],[-59.434,0.264],[-59.857,0.264],[-60.038,0.264],[-60.059,0.163],[-60.134,0.104],[-60.121,0.088],[-60.14,0.027],[-60.204,-0.03],[-60.211,-0.063],[-60.237,-0.109],[-60.228,-0.122],[-60.223,-0.139],[-60.269,-0.176],[-60.291,-0.213],[-60.305,-0.26],[-60.306,-0.317],[-60.327,-0.381],[-60.349,-0.411],[-60.346,-0.438],[-60.384,-0.462],[-60.398,-0.502],[-60.398,-0.541],[-60.383,-0.554],[-60.38,-0.589],[-60.36,-0.598],[-60.305,-0.666],[-60.303,-0.688],[-60.347,-0.74],[-60.371,-0.732],[-60.425,-0.771],[-60.475,-0.762],[-60.498,-0.781],[-60.493,-0.811],[-60.503,-0.841],[-60.536,-0.869],[-60.558,-0.851],[-60.588,-0.843],[-60.619,-0.852],[-60.663,-0.881],[-60.684,-0.865],[-60.74,-0.859],[-60.762,-0.849],[-60.763,-0.813],[-60.787,-0.784],[-60.772,-0.754],[-60.81,-0.727],[-60.815,-0.69],[-60.855,-0.686],[-60.858,-0.655],[-60.891,-0.645],[-60.928,-0.605],[-60.921,-0.579],[-60.934,-0.548],[-60.984,-0.562],[-61.057,-0.544],[-61.079,-0.506],[-61.162,-0.502],[-61.169,-0.516],[-61.223,-0.5],[-61.221,-0.529],[-61.234,-0.562],[-61.309,-0.579],[-61.329,-0.597],[-61.359,-0.597],[-61.429,-0.649],[-61.458,-0.655],[-61.485,-0.717],[-61.536,-0.754],[-61.547,-0.795],[-61.557,-0.865],[-61.552,-0.889],[-61.576,-0.911],[-61.581,-0.978],[-61.551,-0.983],[-61.544,-1.004],[-61.543,-1.062],[-61.573,-1.076],[-61.579,-1.114],[-61.566,-1.129],[-61.581,-1.157],[-61.587,-1.194],[-61.608,-1.252],[-61.607,-1.274],[-61.627,-1.294],[-61.585,-1.339],[-61.582,-1.353],[-61.619,-1.395],[-61.582,-1.409],[-61.574,-1.429],[-61.548,-1.429],[-61.524,-1.491],[-61.473,-1.528],[-61.475,-1.579],[-61.483,-1.581],[-61.545,-1.526],[-61.56,-1.495],[-61.605,-1.448],[-61.718,-1.41],[-61.741,-1.392],[-61.798,-1.381],[-61.817,-1.399],[-61.84,-1.401],[-61.897,-1.395],[-61.907,-1.356],[-61.95,-1.297],[-61.967,-1.243],[-62.017,-1.142],[-62.062,-1.1],[-62.1,-1.097],[-62.118,-1.076],[-62.125,-1.037],[-62.143,-1.037],[-62.172,-1.006],[-62.2,-1],[-62.227,-0.973],[-62.259,-0.976],[-62.272,-0.952],[-62.313,-0.93],[-62.365,-0.877],[-62.376,-0.836],[-62.433,-0.804],[-62.462,-0.802],[-62.501,-0.781],[-62.495,-0.751],[-62.508,-0.714],[-62.487,-0.681],[-62.445,-0.686],[-62.413,-0.703],[-62.375,-0.708],[-62.352,-0.673],[-62.308,-0.658],[-62.287,-0.632],[-62.291,-0.598],[-62.312,-0.576],[-62.316,-0.552],[-62.307,-0.508],[-62.285,-0.493],[-62.28,-0.451],[-62.233,-0.424],[-62.197,-0.363],[-62.189,-0.322],[-62.24,-0.301],[-62.253,-0.27],[-62.242,-0.17],[-62.278,-0.15],[-62.32,-0.096],[-62.326,-0.003],[-62.337,0.022],[-62.37,0.058],[-62.409,0.075],[-62.428,0.128],[-62.424,0.153],[-62.439,0.195],[-62.453,0.207],[-62.454,0.244],[-62.467,0.268],[-62.459,0.314],[-62.467,0.333],[-62.446,0.379],[-62.459,0.418],[-62.485,0.454],[-62.519,0.444],[-62.533,0.509],[-62.519,0.594],[-62.538,0.675],[-62.533,0.701],[-62.5,0.748],[-62.463,0.777],[-62.466,0.829],[-62.481,0.843],[-62.485,0.876],[-62.467,0.924],[-62.443,0.959],[-62.446,0.977],[-62.475,1.016],[-62.479,1.048],[-62.472,1.086],[-62.521,1.084],[-62.545,1.121],[-62.559,1.188],[-62.597,1.29],[-62.602,1.326],[-62.62,1.363],[-62.62,1.404],[-62.64,1.438],[-62.677,1.455],[-62.731,1.5],[-62.736,1.53],[-62.805,1.591],[-62.793,1.635],[-62.729,1.7],[-62.722,1.723],[-62.731,1.818],[-62.704,1.874],[-62.699,1.912],[-62.715,1.951],[-62.759,1.973],[-62.813,1.992],[-62.839,2.016],[-62.948,2.031],[-62.98,2.018],[-63.024,2.015],[-63.077,2.046],[-63.12,2.097],[-63.146,2.173],[-63.194,2.181],[-63.276,2.154],[-63.311,2.165],[-63.372,2.212],[-63.398,2.147],[-63.434,2.126],[-63.467,2.141],[-63.492,2.116],[-63.562,2.132],[-63.617,2.107],[-63.645,2.065],[-63.662,2.066],[-63.668,2.017],[-63.703,2.046],[-63.785,1.982],[-63.824,1.991],[-63.83,1.968],[-63.907,1.992],[-63.923,1.983],[-63.975,1.991],[-64.019,1.951],[-64.062,1.931],[-64.062,1.883],[-64.071,1.852],[-64.056,1.841],[-64.062,1.79],[-64.078,1.759],[-64.061,1.702],[-64.065,1.676],[-64.112,1.589],[-64.126,1.578],[-64.168,1.576],[-64.216,1.509],[-64.24,1.511],[-64.267,1.485],[-64.302,1.468],[-64.326,1.436],[-64.33,1.395],[-64.343,1.384],[-64.4,1.395],[-64.391,1.43],[-64.357,1.484],[-64.351,1.518],[-64.397,1.527],[-64.439,1.472],[-64.454,1.48],[-64.5,1.443],[-64.531,1.435],[-64.553,1.417],[-64.583,1.376],[-64.591,1.337],[-64.635,1.32],[-64.66,1.291],[-64.702,1.291],[-64.722,1.239],[-64.764,1.231],[-64.794,1.269],[-64.823,1.279],[-64.862,1.269],[-64.869,1.241],[-64.907,1.242],[-64.926,1.215],[-64.97,1.217],[-64.961,1.19],[-65.022,1.115],[-65.066,1.119],[-65.061,1.138],[-65.103,1.157],[-65.122,1.135],[-65.155,1.125],[-65.154,1.056],[-65.167,1.011],[-65.147,1.009],[-65.165,0.951],[-65.197,0.911],[-65.209,0.929],[-65.241,0.921],[-65.303,0.942],[-65.329,0.932],[-65.352,0.873],[-65.374,0.865],[-65.398,0.821],[-65.397,0.75],[-65.421,0.732],[-65.424,0.708],[-65.453,0.685],[-65.53,0.668],[-65.564,0.676],[-65.576,0.712],[-65.591,0.722],[-65.574,0.764],[-65.549,0.775],[-65.504,0.852],[-65.512,0.885],[-65.508,0.916],[-65.536,0.948],[-65.542,0.976],[-65.572,0.985],[-65.586,1.009],[-65.653,1.012],[-65.687,0.991],[-65.739,1],[-65.767,0.964],[-65.816,0.952],[-65.862,0.931],[-65.882,0.902],[-65.937,0.882],[-65.971,0.806],[-66.017,0.8],[-66.038,0.812],[-66.07,0.805],[-66.088,0.759],[-66.151,0.745],[-66.213,0.781],[-66.319,0.755],[-66.599,1],[-66.857,1.23],[-67.088,1.167],[-67.089,1.325],[-67.072,1.443],[-67.079,1.5],[-67.081,1.638],[-67.099,1.682],[-67.097,1.733],[-67.124,1.799],[-67.157,1.849],[-67.174,1.857],[-67.244,1.858],[-67.278,1.876],[-67.3,1.927],[-67.326,2.03],[-67.337,2.098],[-67.343,2.206],[-67.389,2.244],[-67.431,2.242],[-67.448,2.208],[-67.522,2.17],[-67.551,2.142],[-67.558,2.106],[-67.586,2.086],[-67.607,2.035],[-67.62,2.024],[-67.671,2.02],[-67.75,2.04],[-67.779,2.031],[-67.818,1.967],[-67.883,1.903],[-67.913,1.898],[-67.907,1.866],[-67.941,1.831],[-67.974,1.833],[-68.043,1.9],[-68.087,1.901],[-68.103,1.936],[-68.141,1.985],[-68.183,1.979],[-68.243,1.927],[-68.267,1.827],[-68.234,1.83],[-68.245,1.795],[-68.237,1.773],[-68.203,1.786],[-68.169,1.771],[-68.157,1.732],[-68.697,1.732],[-69.001,1.732],[-69.179,1.733],[-69.391,1.73],[-69.417,1.742],[-69.473,1.746],[-69.534,1.777],[-69.584,1.76],[-69.604,1.74],[-69.644,1.73],[-69.745,1.73],[-69.778,1.702],[-69.809,1.695],[-69.846,1.708],[-69.846,1.294],[-69.847,1.078],[-69.811,1.063],[-69.773,1.103],[-69.743,1.115],[-69.703,1.118],[-69.705,1.08],[-69.668,1.082],[-69.624,1.096],[-69.598,1.095],[-69.575,1.074],[-69.524,1.071],[-69.487,1.079],[-69.44,1.075],[-69.415,1.043],[-69.372,1.08],[-69.322,1.088],[-69.289,1.054],[-69.261,1.054],[-69.213,1.019],[-69.198,0.998],[-69.216,0.982],[-69.204,0.962],[-69.173,0.952],[-69.192,0.924],[-69.136,0.87],[-69.163,0.85],[-69.168,0.821],[-69.154,0.806],[-69.147,0.77],[-69.188,0.747],[-69.18,0.716],[-69.154,0.708],[-69.116,0.644],[-69.184,0.654],[-69.212,0.61],[-69.272,0.602],[-69.296,0.649],[-69.318,0.632],[-69.338,0.642],[-69.35,0.614],[-69.405,0.665],[-69.433,0.712],[-69.481,0.735],[-69.532,0.703],[-69.598,0.654],[-69.607,0.634],[-69.633,0.635],[-69.645,0.659],[-69.687,0.663],[-69.716,0.64],[-69.723,0.616],[-69.747,0.62],[-69.804,0.572],[-69.823,0.591],[-69.884,0.577],[-69.908,0.585],[-69.936,0.553],[-69.979,0.578],[-69.995,0.551],[-70.046,0.562],[-70.046,0.247],[-70.046,0.068],[-70.046,-0.021],[-70.042,-0.124],[-70.058,-0.158],[-70.057,-0.187],[-69.997,-0.235],[-69.964,-0.285],[-69.937,-0.306],[-69.923,-0.331],[-69.892,-0.349],[-69.845,-0.346],[-69.823,-0.381],[-69.775,-0.4],[-69.718,-0.455],[-69.645,-0.483],[-69.611,-0.513],[-69.615,-0.54],[-69.593,-0.568],[-69.605,-0.6],[-69.574,-0.65],[-69.585,-0.684],[-69.623,-0.732],[-69.612,-0.77],[-69.574,-0.801],[-69.56,-0.823],[-69.574,-0.842],[-69.538,-0.862],[-69.523,-0.886],[-69.527,-0.922],[-69.464,-0.967],[-69.45,-0.998],[-69.422,-1],[-69.443,-1.037],[-69.424,-1.049],[-69.425,-1.084],[-69.401,-1.114],[-69.398,-1.144],[-69.413,-1.158],[-69.414,-1.187],[-69.431,-1.242],[-69.411,-1.282],[-69.409,-1.334],[-69.4,-1.371],[-69.43,-1.387],[-69.435,-1.458],[-69.457,-1.493],[-69.453,-1.531],[-69.534,-2.001],[-69.613,-2.44],[-69.689,-2.872],[-69.742,-3.166],[-69.838,-3.687],[-69.933,-4.219],[-69.949,-4.228],[-69.951,-4.269],[-69.973,-4.324],[-69.992,-4.321],[-70.04,-4.348],[-70.043,-4.332],[-70.076,-4.32],[-70.077,-4.285],[-70.133,-4.282],[-70.156,-4.275],[-70.17,-4.309],[-70.153,-4.331],[-70.2,-4.356],[-70.205,-4.323],[-70.258,-4.31],[-70.308,-4.247],[-70.279,-4.231],[-70.293,-4.16],[-70.329,-4.148],[-70.355,-4.167],[-70.367,-4.142],[-70.437,-4.133],[-70.439,-4.164],[-70.465,-4.176],[-70.503,-4.162],[-70.522,-4.137],[-70.558,-4.172],[-70.616,-4.193],[-70.635,-4.175],[-70.618,-4.136],[-70.646,-4.128],[-70.666,-4.163],[-70.672,-4.195],[-70.721,-4.187],[-70.759,-4.159],[-70.784,-4.184],[-70.802,-4.182],[-70.831,-4.221],[-70.829,-4.25],[-70.865,-4.253],[-70.847,-4.281],[-70.876,-4.292],[-70.882,-4.325],[-70.904,-4.331],[-70.912,-4.356],[-70.946,-4.377],[-71.019,-4.384],[-71.033,-4.4],[-71.083,-4.373],[-71.109,-4.379],[-71.121,-4.408],[-71.142,-4.381],[-71.182,-4.394],[-71.199,-4.423],[-71.214,-4.378],[-71.269,-4.408],[-71.277,-4.441],[-71.341,-4.441],[-71.348,-4.426],[-71.397,-4.432],[-71.422,-4.468],[-71.436,-4.449],[-71.476,-4.433],[-71.484,-4.458],[-71.508,-4.455],[-71.556,-4.477],[-71.569,-4.508],[-71.592,-4.526],[-71.617,-4.529],[-71.65,-4.504],[-71.69,-4.498],[-71.708,-4.51],[-71.75,-4.492],[-71.809,-4.492],[-71.877,-4.517],[-71.907,-4.515],[-71.919,-4.562],[-71.955,-4.61],[-72.059,-4.65],[-72.077,-4.68],[-72.126,-4.717],[-72.162,-4.728],[-72.22,-4.771],[-72.282,-4.782],[-72.311,-4.774],[-72.326,-4.801],[-72.366,-4.803],[-72.375,-4.839],[-72.401,-4.884],[-72.439,-4.909],[-72.474,-4.943],[-72.552,-4.957],[-72.569,-4.984],[-72.597,-4.983],[-72.607,-5.028],[-72.646,-5.049],[-72.697,-5.059],[-72.738,-5.06],[-72.739,-5.088],[-72.785,-5.107],[-72.813,-5.103],[-72.822,-5.14],[-72.861,-5.14],[-72.888,-5.166],[-72.864,-5.234],[-72.87,-5.299],[-72.899,-5.337],[-72.957,-5.465],[-72.964,-5.498],[-72.954,-5.54],[-72.974,-5.624],[-72.962,-5.655],[-72.986,-5.662],[-72.992,-5.704],[-73.021,-5.739],[-73.042,-5.749],[-73.064,-5.789],[-73.093,-5.822],[-73.117,-5.829],[-73.115,-5.854],[-73.151,-5.863],[-73.168,-5.909],[-73.188,-5.939],[-73.182,-5.963],[-73.21,-6.005],[-73.237,-6.032],[-73.232,-6.074],[-73.251,-6.105],[-73.25,-6.145],[-73.22,-6.178],[-73.219,-6.222],[-73.165,-6.274],[-73.133,-6.387],[-73.109,-6.41],[-73.123,-6.432],[-73.138,-6.498],[-73.153,-6.52],[-73.184,-6.528],[-73.213,-6.578],[-73.293,-6.593],[-73.354,-6.595],[-73.379,-6.617],[-73.381,-6.635],[-73.437,-6.651],[-73.459,-6.665],[-73.516,-6.677],[-73.56,-6.721],[-73.585,-6.725],[-73.643,-6.762],[-73.667,-6.806],[-73.707,-6.84],[-73.721,-6.889],[-73.741,-6.909],[-73.755,-6.942],[-73.727,-7.022],[-73.739,-7.045],[-73.802,-7.112],[-73.738,-7.135],[-73.293,-7.296],[-72.9,-7.438],[-72.585,-7.552],[-72.169,-7.601],[-71.945,-7.627],[-71.646,-7.662],[-71.382,-7.692],[-71.088,-7.726],[-70.735,-7.767],[-70.515,-7.792],[-70.055,-7.845],[-69.802,-8.061],[-69.444,-8.366],[-69.213,-8.564],[-68.921,-8.814],[-68.647,-9.049],[-68.22,-9.243],[-67.977,-9.353],[-67.517,-9.561],[-67.326,-9.592],[-67.325,-9.592],[-67.135,-9.676],[-66.81,-9.818],[-66.781,-9.791],[-66.775,-9.753],[-66.725,-9.756],[-66.692,-9.734],[-66.685,-9.715],[-66.624,-9.681],[-66.609,-9.665],[-66.586,-9.674],[-66.537,-9.643],[-66.501,-9.634],[-66.495,-9.602],[-66.439,-9.554],[-66.429,-9.533],[-66.392,-9.5],[-66.389,-9.464],[-66.409,-9.407],[-66.375,-9.426],[-66.353,-9.417],[-66.319,-9.42],[-66.26,-9.411],[-66.243,-9.429],[-66.205,-9.426],[-66.174,-9.434],[-66.124,-9.409],[-66.06,-9.418],[-66.042,-9.402],[-65.97,-9.413],[-65.932,-9.448],[-65.918,-9.478],[-65.881,-9.487],[-65.848,-9.532],[-65.825,-9.53],[-65.818,-9.562],[-65.8,-9.585],[-65.73,-9.563],[-65.696,-9.508],[-65.681,-9.5],[-65.679,-9.451],[-65.588,-9.414],[-65.548,-9.426],[-65.503,-9.47],[-65.457,-9.47],[-65.432,-9.459],[-65.457,-9.401],[-65.447,-9.379],[-65.44,-9.312],[-65.377,-9.324],[-65.307,-9.291],[-65.27,-9.264],[-65.247,-9.258],[-65.212,-9.279],[-65.209,-9.31],[-65.188,-9.345],[-65.196,-9.375],[-65.174,-9.385],[-65.186,-9.427],[-65.143,-9.447],[-65.089,-9.425],[-65.078,-9.401],[-65.053,-9.402],[-65,-9.305],[-64.963,-9.293],[-64.92,-9.22],[-64.94,-9.125],[-64.916,-9.075],[-64.917,-9.043],[-64.894,-9.044],[-64.871,-9.012],[-64.808,-8.986],[-64.778,-8.994],[-64.761,-9.021],[-64.731,-9.012],[-64.714,-8.994],[-64.683,-8.994],[-64.671,-9.015],[-64.641,-9.007],[-64.611,-9.016],[-64.588,-9.009],[-64.579,-8.988],[-64.55,-8.978],[-64.447,-8.977],[-64.38,-8.947],[-64.323,-8.929],[-64.31,-8.934],[-64.326,-8.98],[-64.311,-8.996],[-64.257,-8.988],[-64.233,-8.992],[-64.142,-8.945],[-64.158,-8.843],[-64.129,-8.805],[-64.145,-8.776],[-64.143,-8.743],[-64.125,-8.717],[-64.095,-8.728],[-64.035,-8.694],[-64.016,-8.668],[-63.986,-8.586],[-63.946,-8.609],[-63.925,-8.575],[-63.946,-8.55],[-63.944,-8.527],[-63.971,-8.499],[-63.973,-8.478],[-63.941,-8.452],[-63.977,-8.41],[-63.945,-8.388],[-63.944,-8.331],[-63.911,-8.328],[-63.895,-8.302],[-63.871,-8.289],[-63.825,-8.306],[-63.791,-8.333],[-63.773,-8.321],[-63.747,-8.27],[-63.723,-8.249],[-63.749,-8.208],[-63.741,-8.19],[-63.693,-8.158],[-63.662,-8.101],[-63.667,-8.082],[-63.622,-8.03],[-63.621,-7.976],[-63.118,-7.977],[-62.867,-7.976],[-62.833,-7.994],[-62.81,-8.025],[-62.786,-8.026],[-62.744,-8.045],[-62.692,-8.093],[-62.673,-8.145],[-62.687,-8.174],[-62.66,-8.2],[-62.655,-8.229],[-62.6,-8.272],[-62.585,-8.272],[-62.54,-8.358],[-62.518,-8.385],[-62.465,-8.34],[-62.425,-8.375],[-62.384,-8.378],[-62.361,-8.398],[-62.369,-8.446],[-62.366,-8.494],[-62.337,-8.517],[-62.326,-8.564],[-62.336,-8.609],[-62.289,-8.639],[-62.294,-8.605],[-62.269,-8.576],[-62.184,-8.599],[-62.175,-8.628],[-62.2,-8.644],[-62.165,-8.679],[-62.172,-8.695],[-62.149,-8.718],[-62.155,-8.74],[-62.125,-8.802],[-62.098,-8.809],[-62.074,-8.799],[-62.031,-8.8],[-62.004,-8.83],[-61.991,-8.865],[-61.938,-8.881],[-61.903,-8.863],[-61.86,-8.853],[-61.861,-8.804],[-61.843,-8.779],[-61.841,-8.739],[-61.775,-8.748],[-61.749,-8.724],[-61.742,-8.695],[-61.713,-8.688],[-61.705,-8.707],[-61.674,-8.705],[-61.626,-8.729],[-61.63,-8.753],[-61.606,-8.795],[-61.583,-8.799],[-61.31,-8.798],[-60.835,-8.798],[-60.42,-8.797],[-60,-8.801],[-59.481,-8.803],[-59.127,-8.803],[-58.963,-8.803],[-58.442,-8.799],[-58.388,-8.775],[-58.328,-8.712],[-58.376,-8.704],[-58.412,-8.721],[-58.437,-8.703],[-58.389,-8.595],[-58.41,-8.57],[-58.405,-8.538],[-58.418,-8.489],[-58.39,-8.439],[-58.355,-8.393],[-58.345,-8.341],[-58.315,-8.323],[-58.328,-8.286],[-58.322,-8.232],[-58.313,-8.209],[-58.322,-8.17],[-58.29,-8.136],[-58.293,-8.071],[-58.322,-8.025],[-58.331,-7.969],[-58.355,-7.944],[-58.375,-7.899],[-58.378,-7.827],[-58.34,-7.808],[-58.3,-7.777],[-58.283,-7.741],[-58.276,-7.7],[-58.24,-7.654],[-58.202,-7.621],[-58.204,-7.589],[-58.223,-7.524],[-58.213,-7.458],[-58.173,-7.394],[-58.137,-7.356],[-58.147,-7.343]]]},"properties":{"uf":"AM"}},
{"type":"Feature","geometry":{"type":"Polygon","coordinates":[[[-64.184,3.489],[-64.149,3.44],[-64.147,3.371],[-64.115,3.335],[-64.122,3.279],[-64.159,3.244],[-64.154,3.228],[-64.181,3.171],[-64.22,3.151],[-64.226,3.132],[-64.214,3.091],[-64.158,3.047],[-64.145,3.026],[-64.161,2.987],[-64.119,2.986],[-64.094,2.94],[-64.073,2.923],[-64.078,2.88],[-64.041,2.832],[-64.015,2.812],[-64.016,2.778],[-63.987,2.716],[-64.007,2.71],[-63.986,2.649],[-64.008,2.628],[-64.01,2.605],[-64.043,2.58],[-64.048,2.518],[-64.023,2.465],[-64.008,2.481],[-63.977,2.465],[-63.96,2.473],[-63.955,2.46],[-63.934,2.457],[-63.92,2.474],[-63.882,2.469],[-63.871,2.483],[-63.834,2.492],[-63.784,2.471],[-63.75,2.442],[-63.691,2.458],[-63.689,2.446],[-63.637,2.441],[-63.604,2.457],[-63.555,2.447],[-63.553,2.43],[-63.52,2.422],[-63.48,2.434],[-63.471,2.411],[-63.442,2.417],[-63.436,2.442],[-63.372,2.426],[-63.364,2.389],[-63.376,2.357],[-63.36,2.327],[-63.368,2.29],[-63.36,2.269],[-63.38,2.229],[-63.372,2.212],[-63.311,2.165],[-63.276,2.154],[-63.194,2.181],[-63.146,2.173],[-63.12,2.097],[-63.077,2.046],[-63.024,2.015],[-62.98,2.018],[-62.948,2.031],[-62.839,2.016],[-62.813,1.992],[-62.759,1.973],[-62.715,1.951],[-62.699,1.912],[-62.704,1.874],[-62.731,1.818],[-62.722,1.723],[-62.729,1.7],[-62.793,1.635],[-62.805,1.591],[-62.736,1.53],[-62.731,1.5],[-62.677,1.455],[-62.64,1.438],[-62.62,1.404],[-62.62,1.363],[-62.602,1.326],[-62.597,1.29],[-62.559,1.188],[-62.545,1.121],[-62.521,1.084],[-62.472,1.086],[-62.479,1.048],[-62.475,1.016],[-62.446,0.977],[-62.443,0.959],[-62.467,0.924],[-62.485,0.876],[-62.481,0.843],[-62.466,0.829],[-62.463,0.777],[-62.5,0.748],[-62.533,0.701],[-62.538,0.675],[-62.519,0.594],[-62.533,0.509],[-62.519,0.444],[-62.485,0.454],[-62.459,0.418],[-62.446,0.379],[-62.467,0.333],[-62.459,0.314],[-62.467,0.268],[-62.454,0.244],[-62.453,0.207],[-62.439,0.195],[-62.424,0.153],[-62.428,0.128],[-62.409,0.075],[-62.37,0.058],[-62.337,0.022],[-62.326,-0.003],[-62.32,-0.096],[-62.278,-0.15],[-62.242,-0.17],[-62.253,-0.27],[-62.24,-0.301],[-62.189,-0.322],[-62.197,-0.363],[-62.233,-0.424],[-62.28,-0.451],[-62.285,-0.493],[-62.307,-0.508],[-62.316,-0.552],[-62.312,-0.576],[-62.291,-0.598],[-62.287,-0.632],[-62.308,-0.658],[-62.352,-0.673],[-62.375,-0.708],[-62.413,-0.703],[-62.445,-0.686],[-62.487,-0.681],[-62.508,-0.714],[-62.495,-0.751],[-62.501,-0.781],[-62.462,-0.802],[-62.433,-0.804],[-62.376,-0.836],[-62.365,-0.877],[-62.313,-0.93],[-62.272,-0.952],[-62.259,-0.976],[-62.227,-0.973],[-62.2,-1],[-62.172,-1.006],[-62.143,-1.037],[-62.125,-1.037],[-62.118,-1.076],[-62.1,-1.097],[-62.062,-1.1],[-62.017,-1.142],[-61.967,-1.243],[-61.95,-1.297],[-61.907,-1.356],[-61.897,-1.395],[-61.84,-1.401],[-61.817,-1.399],[-61.798,-1.381],[-61.741,-1.392],[-61.718,-1.41],[-61.605,-1.448],[-61.56,-1.495],[-61.545,-1.526],[-61.483,-1.581],[-61.475,-1.579],[-61.473,-1.528],[-61.524,-1.491],[-61.548,-1.429],[-61.574,-1.429],[-61.582,-1.409],[-61.619,-1.395],[-61.582,-1.353],[-61.585,-1.339],[-61.627,-1.294],[-61.607,-1.274],[-61.608,-1.252],[-61.587,-1.194],[-61.581,-1.157],[-61.566,-1.129],[-61.579,-1.114],[-61.573,-1.076],[-61.543,-1.062],[-61.544,-1.004],[-61.551,-0.983],[-61.581,-0.978],[-61.576,-0.911],[-61.552,-0.889],[-61.557,-0.865],[-61.547,-0.795],[-61.536,-0.754],[-61.485,-0.717],[-61.458,-0.655],[-61.429,-0.649],[-61.359,-0.597],[-61.329,-0.597],[-61.309,-0.579],[-61.234,-0.562],[-61.221,-0.529],[-61.223,-0.5],[-61.169,-0.516],[-61.162,-0.502],[-61.079,-0.506],[-61.057,-0.544],[-60.984,-0.562],[-60.934,-0.548],[-60.921,-0.579],[-60.928,-0.605],[-60.891,-0.645],[-60.858,-0.655],[-60.855,-0.686],[-60.815,-0.69],[-60.81,-0.727],[-60.772,-0.754],[-60.787,-0.784],[-60.763,-0.813],[-60.762,-0.849],[-60.74,-0.859],[-60.684,-0.865],[-60.663,-0.881],[-60.619,-0.852],[-60.588,-0.843],[-60.558,-0.851],[-60.536,-0.869],[-60.503,-0.841],[-60.493,-0.811],[-60.498,-0.781],[-60.475,-0.762],[-60.425,-0.771],[-60.371,-0.732],[-60.347,-0.74],[-60.303,-0.688],[-60.305,-0.666],[-60.36,-0.598],[-60.38,-0.589],[-60.383,-0.554],[-60.398,-0.541],[-60.398,-0.502],[-60.384,-0.462],[-60.346,-0.438],[-60.349,-0.411],[-60.327,-0.381],[-60.306,-0.317],[-60.305,-0.26],[-60.291,-0.213],[-60.269,-0.176],[-60.223,-0.139],[-60.228,-0.122],[-60.237,-0.109],[-60.211,-0.063],[-60.204,-0.03],[-60.14,0.027],[-60.121,0.088],[-60.134,0.104],[-60.059,0.163],[-60.038,0.264],[-59.857,0.264],[-59.434,0.264],[-59.263,0.264],[-59.192,0.264],[-58.895,0.264],[-58.896,0.592],[-58.895,0.905],[-58.895,1.228],[-58.905,1.25],[-58.899,1.279],[-58.918,1.285],[-58.918,1.317],[-58.966,1.312],[-59.021,1.331],[-59.049,1.323],[-59.103,1.348],[-59.146,1.347],[-59.197,1.378],[-59.253,1.388],[-59.302,1.465],[-59.322,1.482],[-59.34,1.518],[-59.373,1.506],[-59.413,1.552],[-59.448,1.619],[-59.483,1.627],[-59.526,1.691],[-59.534,1.716],[-59.567,1.736],[-59.617,1.715],[-59.633,1.741],[-59.69,1.756],[-59.679,1.807],[-59.658,1.823],[-59.692,1.854],[-59.746,1.852],[-59.759,1.901],[-59.738,1.956],[-59.734,2],[-59.726,2.02],[-59.741,2.063],[-59.722,2.104],[-59.739,2.146],[-59.74,2.18],[-59.721,2.237],[-59.74,2.293],[-59.78,2.286],[-59.832,2.329],[-59.899,2.363],[-59.909,2.389],[-59.891,2.426],[-59.898,2.482],[-59.92,2.507],[-59.938,2.555],[-59.93,2.567],[-59.977,2.639],[-59.972,2.658],[-59.988,2.68],[-59.993,2.786],[-59.991,2.841],[-59.978,2.895],[-59.984,2.929],[-59.968,2.947],[-59.947,3.002],[-59.962,3.015],[-59.951,3.055],[-59.956,3.081],[-59.929,3.11],[-59.908,3.113],[-59.904,3.149],[-59.912,3.196],[-59.887,3.216],[-59.881,3.258],[-59.827,3.333],[-59.806,3.354],[-59.821,3.411],[-59.841,3.425],[-59.824,3.471],[-59.803,3.491],[-59.805,3.51],[-59.834,3.523],[-59.843,3.554],[-59.873,3.564],[-59.852,3.603],[-59.817,3.618],[-59.788,3.617],[-59.76,3.633],[-59.752,3.653],[-59.721,3.666],[-59.705,3.689],[-59.668,3.704],[-59.673,3.761],[-59.665,3.782],[-59.636,3.793],[-59.596,3.796],[-59.578,3.832],[-59.593,3.862],[-59.591,3.888],[-59.569,3.89],[-59.565,3.916],[-59.534,3.927],[-59.516,3.946],[-59.527,3.969],[-59.572,3.987],[-59.602,4.029],[-59.654,4.069],[-59.623,4.129],[-59.655,4.146],[-59.684,4.146],[-59.709,4.162],[-59.731,4.181],[-59.739,4.236],[-59.718,4.263],[-59.732,4.287],[-59.676,4.347],[-59.693,4.38],[-59.736,4.424],[-59.755,4.424],[-59.781,4.448],[-59.862,4.453],[-59.864,4.473],[-59.898,4.478],[-59.972,4.509],[-59.975,4.489],[-60.065,4.495],[-60.066,4.523],[-60.091,4.533],[-60.122,4.502],[-60.161,4.518],[-60.154,4.549],[-60.123,4.605],[-60.07,4.617],[-60.075,4.655],[-60.026,4.706],[-60.039,4.724],[-60.025,4.743],[-60.022,4.783],[-60.036,4.791],[-60.018,4.837],[-60.002,4.917],[-59.993,4.934],[-59.988,5.006],[-59.978,5.019],[-59.972,5.075],[-60.018,5.089],[-60.045,5.106],[-60.064,5.138],[-60.096,5.141],[-60.107,5.194],[-60.133,5.225],[-60.138,5.249],[-60.171,5.227],[-60.212,5.272],[-60.271,5.234],[-60.306,5.225],[-60.328,5.206],[-60.367,5.204],[-60.381,5.221],[-60.45,5.2],[-60.519,5.208],[-60.546,5.194],[-60.577,5.198],[-60.592,5.217],[-60.625,5.215],[-60.652,5.231],[-60.697,5.229],[-60.695,5.197],[-60.657,5.156],[-60.643,5.117],[-60.645,5.059],[-60.599,4.999],[-60.584,4.956],[-60.592,4.927],[-60.609,4.924],[-60.629,4.889],[-60.652,4.885],[-60.659,4.849],[-60.721,4.777],[-60.757,4.754],[-60.81,4.744],[-60.816,4.728],[-60.853,4.703],[-60.899,4.718],[-60.92,4.663],[-60.948,4.656],[-60.933,4.617],[-60.934,4.585],[-60.956,4.582],[-60.958,4.545],[-60.977,4.541],[-60.998,4.516],[-61.046,4.524],[-61.094,4.523],[-61.126,4.506],[-61.147,4.481],[-61.176,4.512],[-61.267,4.538],[-61.323,4.535],[-61.33,4.516],[-61.279,4.478],[-61.288,4.457],[-61.313,4.458],[-61.352,4.419],[-61.392,4.424],[-61.448,4.439],[-61.486,4.411],[-61.514,4.405],[-61.521,4.384],[-61.508,4.322],[-61.519,4.301],[-61.562,4.251],[-61.591,4.244],[-61.608,4.261],[-61.632,4.241],[-61.658,4.262],[-61.724,4.244],[-61.75,4.255],[-61.802,4.228],[-61.819,4.168],[-61.851,4.174],[-61.923,4.156],[-61.931,4.103],[-61.993,4.175],[-62.012,4.156],[-62.048,4.15],[-62.107,4.115],[-62.114,4.088],[-62.148,4.079],[-62.292,4.141],[-62.327,4.134],[-62.354,4.165],[-62.39,4.177],[-62.438,4.183],[-62.468,4.167],[-62.461,4.143],[-62.542,4.109],[-62.557,4.078],[-62.547,4.045],[-62.575,4.015],[-62.61,4.044],[-62.646,4.046],[-62.689,4.032],[-62.736,4.04],[-62.767,4.012],[-62.763,3.986],[-62.743,3.972],[-62.758,3.946],[-62.787,3.929],[-62.789,3.893],[-62.754,3.85],[-62.772,3.836],[-62.743,3.808],[-62.731,3.71],[-62.749,3.673],[-62.785,3.7],[-62.81,3.733],[-62.838,3.736],[-62.855,3.71],[-62.906,3.672],[-62.952,3.612],[-62.986,3.61],[-63.032,3.666],[-63.073,3.686],[-63.064,3.705],[-63.069,3.752],[-63.087,3.779],[-63.123,3.805],[-63.204,3.812],[-63.227,3.836],[-63.234,3.882],[-63.205,3.949],[-63.277,3.956],[-63.287,3.973],[-63.339,3.957],[-63.393,3.98],[-63.429,3.977],[-63.452,3.956],[-63.412,3.912],[-63.451,3.859],[-63.481,3.873],[-63.511,3.847],[-63.552,3.865],[-63.555,3.891],[-63.581,3.886],[-63.592,3.928],[-63.644,3.979],[-63.661,4.01],[-63.685,4.009],[-63.7,3.944],[-63.697,3.913],[-63.739,3.915],[-63.741,3.933],[-63.835,3.94],[-63.85,3.95],[-63.891,3.931],[-63.926,3.926],[-63.938,3.901],[-63.969,3.879],[-63.997,3.904],[-64.002,3.933],[-64.036,3.934],[-64.1,4.035],[-64.109,4.085],[-64.172,4.129],[-64.219,4.116],[-64.276,4.144],[-64.335,4.129],[-64.386,4.137],[-64.432,4.135],[-64.5,4.113],[-64.544,4.114],[-64.561,4.102],[-64.624,4.135],[-64.659,4.212],[-64.685,4.239],[-64.78,4.287],[-64.8,4.284],[-64.822,4.259],[-64.822,4.212],[-64.811,4.175],[-64.732,4.12],[-64.709,4.067],[-64.684,4.04],[-64.674,4.005],[-64.651,3.992],[-64.624,3.957],[-64.58,3.928],[-64.568,3.882],[-64.524,3.842],[-64.479,3.783],[-64.444,3.784],[-64.365,3.747],[-64.289,3.7],[-64.281,3.669],[-64.247,3.628],[-64.196,3.579],[-64.187,3.555],[-64.184,3.489]]]},"properties":{"uf":"RR"}},
{"type":"Feature","geometry":{"type":"MultiPolygon","coordinates":[[[[-48.195,-4.911],[-48.058,-4.804],[-48.025,-4.778],[-47.816,-4.615],[-47.793,-4.586],[-47.754,-4.591],[-47.725,-4.606],[-47.68,-4.609],[-47.615,-4.56],[-47.584,-4.523],[-47.562,-4.472],[-47.537,-4.452],[-47.476,-4.356],[-47.479,-4.328],[-47.442,-4.287],[-47.401,-4.268],[-47.372,-4.245],[-47.376,-4.223],[-47.357,-4.177],[-47.347,-4.109],[-47.319,-4.048],[-47.293,-4.052],[-47.281,-4.033],[-47.24,-4],[-47.195,-3.986],[-47.169,-3.941],[-47.173,-3.924],[-47.135,-3.902],[-47.127,-3.877],[-47.085,-3.857],[-47.053,-3.747],[-47.039,-3.673],[-47.051,-3.653],[-47.031,-3.605],[-47.038,-3.564],[-47.016,-3.554],[-46.97,-3.512],[-46.982,-3.496],[-46.942,-3.449],[-46.956,-3.426],[-46.927,-3.376],[-46.884,-3.337],[-46.859,-3.343],[-46.832,-3.313],[-46.815,-3.311],[-46.802,-3.266],[-46.779,-3.241],[-46.769,-3.199],[-46.723,-3.159],[-46.75,-3.124],[-46.689,-3.093],[-46.673,-3.067],[-46.677,-3.034],[-46.668,-2.993],[-46.647,-2.97],[-46.673,-2.945],[-46.655,-2.932],[-46.673,-2.893],[-46.639,-2.884],[-46.641,-2.854],[-46.59,-2.846],[-46.599,-2.796],[-46.626,-2.806],[-46.631,-2.771],[-46.67,-2.735],[-46.671,-2.706],[-46.619,-2.665],[-46.622,-2.645],[-46.587,-2.64],[-46.567,-2.627],[-46.507,-2.617],[-46.509,-2.591],[-46.474,-2.547],[-46.43,-2.537],[-46.436,-2.471],[-46.439,-2.413],[-46.413,-2.379],[-46.432,-2.364],[-46.433,-2.301],[-46.416,-2.274],[-46.43,-2.235],[-46.411,-2.229],[-46.391,-2.25],[-46.347,-2.222],[-46.327,-2.186],[-46.283,-2.154],[-46.273,-2.12],[-46.275,-2.055],[-46.263,-2.049],[-46.223,-1.915],[-46.243,-1.879],[-46.211,-1.831],[-46.23,-1.803],[-46.259,-1.795],[-46.31,-1.806],[-46.324,-1.773],[-46.315,-1.742],[-46.295,-1.727],[-46.266,-1.733],[-46.248,-1.721],[-46.221,-1.731],[-46.203,-1.705],[-46.174,-1.7],[-46.155,-1.675],[-46.161,-1.623],[-46.134,-1.582],[-46.144,-1.518],[-46.176,-1.477],[-46.144,-1.45],[-46.153,-1.426],[-46.115,-1.352],[-46.133,-1.31],[-46.162,-1.282],[-46.14,-1.248],[-46.151,-1.233],[-46.133,-1.21],[-46.104,-1.202],[-46.087,-1.158],[-46.087,-1.134],[-46.063,-1.106],[-46.066,-1.086],[-46.088,-1.049],[-46.095,-1.021],[-46.141,-1.058],[-46.16,-1.005],[-46.179,-1.003],[-46.184,-1.053],[-46.206,-1.064],[-46.215,-1.026],[-46.213,-0.979],[-46.176,-0.943],[-46.182,-0.909],[-46.208,-0.886],[-46.265,-0.913],[-46.267,-0.961],[-46.288,-0.999],[-46.324,-1.025],[-46.337,-1.022],[-46.362,-1.011],[-46.389,-1.021],[-46.416,-1.001],[-46.428,-1.024],[-46.469,-1.025],[-46.465,-0.998],[-46.476,-0.964],[-46.463,-0.946],[-46.48,-0.924],[-46.41,-0.888],[-46.424,-0.866],[-46.496,-0.872],[-46.515,-0.93],[-46.533,-0.909],[-46.557,-0.919],[-46.576,-0.981],[-46.601,-0.957],[-46.636,-0.969],[-46.642,-0.949],[-46.625,-0.921],[-46.635,-0.896],[-46.616,-0.859],[-46.596,-0.842],[-46.613,-0.816],[-46.645,-0.793],[-46.665,-0.791],[-46.677,-0.821],[-46.716,-0.844],[-46.766,-0.84],[-46.796,-0.87],[-46.834,-0.826],[-46.824,-0.791],[-46.836,-0.747],[-46.862,-0.742],[-46.884,-0.767],[-46.884,-0.808],[-46.913,-0.821],[-46.916,-0.852],[-46.943,-0.859],[-46.942,-0.807],[-46.97,-0.767],[-46.946,-0.731],[-46.975,-0.704],[-46.989,-0.719],[-47.008,-0.769],[-47.028,-0.764],[-47.047,-0.798],[-47.064,-0.795],[-47.086,-0.751],[-47.091,-0.719],[-47.074,-0.705],[-47.092,-0.674],[-47.121,-0.676],[-47.14,-0.698],[-47.133,-0.722],[-47.16,-0.762],[-47.171,-0.676],[-47.209,-0.696],[-47.205,-0.65],[-47.218,-0.633],[-47.262,-0.624],[-47.262,-0.648],[-47.281,-0.638],[-47.286,-0.603],[-47.316,-0.592],[-47.386,-0.605],[-47.395,-0.654],[-47.426,-0.657],[-47.431,-0.641],[-47.411,-0.604],[-47.421,-0.585],[-47.474,-0.592],[-47.479,-0.657],[-47.47,-0.694],[-47.473,-0.735],[-47.494,-0.724],[-47.501,-0.691],[-47.531,-0.616],[-47.564,-0.582],[-47.589,-0.576],[-47.587,-0.638],[-47.61,-0.685],[-47.608,-0.698],[-47.631,-0.706],[-47.637,-0.635],[-47.633,-0.602],[-47.666,-0.576],[-47.702,-0.593],[-47.691,-0.553],[-47.704,-0.535],[-47.754,-0.543],[-47.771,-0.564],[-47.756,-0.606],[-47.778,-0.582],[-47.809,-0.584],[-47.831,-0.61],[-47.821,-0.637],[-47.836,-0.68],[-47.851,-0.669],[-47.849,-0.588],[-47.87,-0.561],[-47.892,-0.558],[-47.909,-0.577],[-47.917,-0.623],[-47.965,-0.642],[-47.977,-0.686],[-48.02,-0.687],[-48.051,-0.659],[-48.142,-0.754],[-48.158,-0.774],[-48.172,-0.816],[-48.229,-0.828],[-48.268,-0.903],[-48.294,-0.92],[-48.366,-0.919],[-48.41,-0.906],[-48.475,-0.874],[-48.506,-0.81],[-48.506,-0.751],[-48.488,-0.734],[-48.471,-0.614],[-48.477,-0.606],[-48.474,-0.527],[-48.441,-0.412],[-48.388,-0.353],[-48.375,-0.303],[-48.397,-0.252],[-48.429,-0.227],[-48.486,-0.232],[-48.504,-0.242],[-48.638,-0.232],[-48.712,-0.252],[-48.744,-0.25],[-48.81,-0.215],[-48.835,-0.223],[-48.903,-0.222],[-48.918,-0.23],[-48.94,-0.226],[-48.997,-0.186],[-49.017,-0.16],[-49.039,-0.169],[-49.066,-0.161],[-49.137,-0.168],[-49.196,-0.131],[-49.256,-0.16],[-49.329,-0.158],[-49.379,-0.191],[-49.422,-0.168],[-49.439,-0.126],[-49.432,-0.088],[-49.415,-0.066],[-49.388,-0.057],[-49.359,-0.026],[-49.358,0.008],[-49.369,0.038],[-49.397,0.062],[-49.479,0.081],[-49.532,0.081],[-49.583,0.09],[-49.632,0.075],[-49.666,0.097],[-49.7,0.151],[-49.693,0.178],[-49.644,0.217],[-49.633,0.241],[-49.584,0.273],[-49.534,0.289],[-49.495,0.319],[-49.489,0.334],[-49.503,0.372],[-49.548,0.39],[-49.582,0.419],[-49.618,0.392],[-49.661,0.393],[-49.725,0.378],[-49.778,0.341],[-49.808,0.332],[-49.828,0.355],[-49.889,0.323],[-49.922,0.358],[-49.946,0.366],[-49.98,0.361],[-49.993,0.338],[-50.051,0.337],[-50.098,0.345],[-50.132,0.331],[-50.168,0.34],[-50.178,0.376],[-50.173,0.398],[-50.12,0.43],[-50.077,0.463],[-50.036,0.534],[-50.028,0.568],[-50.037,0.602],[-50.084,0.64],[-50.104,0.64],[-50.133,0.62],[-50.179,0.635],[-50.213,0.656],[-50.226,0.696],[-50.329,0.674],[-50.359,0.66],[-50.41,0.623],[-50.436,0.6],[-50.467,0.531],[-50.476,0.482],[-50.504,0.435],[-50.524,0.372],[-50.553,0.313],[-50.6,0.249],[-50.645,0.209],[-50.668,0.185],[-50.743,0.131],[-50.785,0.112],[-50.921,0.076],[-50.975,0.042],[-50.997,0.004],[-51.017,-0.011],[-51.069,-0.079],[-51.118,-0.097],[-51.172,-0.104],[-51.208,-0.117],[-51.235,-0.144],[-51.302,-0.253],[-51.323,-0.264],[-51.348,-0.3],[-51.362,-0.368],[-51.424,-0.437],[-51.432,-0.473],[-51.458,-0.513],[-51.515,-0.566],[-51.595,-0.65],[-51.683,-0.795],[-51.696,-0.925],[-51.686,-1.013],[-51.7,-1.063],[-51.778,-1.14],[-51.809,-1.157],[-51.882,-1.166],[-51.931,-1.134],[-51.949,-1.169],[-51.966,-1.153],[-51.975,-1.121],[-51.993,-1.129],[-51.987,-1.164],[-52.055,-1.177],[-52.048,-1.214],[-52.07,-1.236],[-52.111,-1.215],[-52.107,-1.183],[-52.12,-1.146],[-52.147,-1.149],[-52.179,-1.13],[-52.215,-1.135],[-52.273,-1.128],[-52.296,-1.117],[-52.333,-1.116],[-52.358,-1.063],[-52.4,-1.044],[-52.417,-1.026],[-52.419,-0.972],[-52.439,-0.944],[-52.427,-0.919],[-52.405,-0.913],[-52.401,-0.882],[-52.412,-0.863],[-52.455,-0.83],[-52.511,-0.857],[-52.537,-0.858],[-52.542,-0.836],[-52.517,-0.809],[-52.518,-0.775],[-52.502,-0.747],[-52.497,-0.711],[-52.51,-0.679],[-52.513,-0.62],[-52.535,-0.574],[-52.576,-0.576],[-52.613,-0.595],[-52.64,-0.585],[-52.695,-0.496],[-52.703,-0.459],[-52.679,-0.424],[-52.697,-0.393],[-52.682,-0.34],[-52.684,-0.314],[-52.754,-0.262],[-52.76,-0.238],[-52.836,-0.186],[-52.851,-0.15],[-52.872,-0.143],[-52.904,-0.155],[-52.933,-0.142],[-52.975,-0.022],[-52.976,0.019],[-53.015,0.06],[-53.011,0.095],[-53.029,0.105],[-53.052,0.157],[-53.094,0.195],[-53.106,0.237],[-53.094,0.259],[-53.131,0.296],[-53.136,0.326],[-53.175,0.382],[-53.161,0.399],[-53.168,0.446],[-53.155,0.48],[-53.17,0.494],[-53.152,0.532],[-53.147,0.6],[-53.123,0.63],[-53.106,0.68],[-53.147,0.7],[-53.157,0.729],[-53.185,0.748],[-53.19,0.768],[-53.255,0.809],[-53.287,0.846],[-53.322,0.872],[-53.411,0.929],[-53.411,0.982],[-53.427,0.992],[-53.422,1.034],[-53.456,1.077],[-53.459,1.134],[-53.444,1.151],[-53.402,1.154],[-53.396,1.179],[-53.426,1.226],[-53.474,1.239],[-53.525,1.212],[-53.546,1.229],[-53.523,1.261],[-53.553,1.28],[-53.563,1.307],[-53.533,1.322],[-53.538,1.341],[-53.595,1.358],[-53.633,1.347],[-53.665,1.375],[-53.701,1.378],[-53.784,1.403],[-53.824,1.39],[-53.888,1.408],[-53.877,1.432],[-53.896,1.455],[-53.967,1.484],[-54.002,1.484],[-54.02,1.516],[-54.052,1.495],[-54.069,1.501],[-54.099,1.551],[-54.102,1.584],[-54.144,1.641],[-54.186,1.654],[-54.201,1.646],[-54.263,1.688],[-54.27,1.705],[-54.352,1.754],[-54.404,1.76],[-54.457,1.758],[-54.496,1.747],[-54.53,1.767],[-54.602,1.785],[-54.644,1.769],[-54.745,1.776],[-54.754,1.798],[-54.738,1.825],[-54.77,1.926],[-54.756,1.974],[-54.769,1.996],[-54.804,2.026],[-54.806,2.139],[-54.768,2.181],[-54.763,2.202],[-54.811,2.266],[-54.796,2.318],[-54.808,2.342],[-54.875,2.415],[-54.872,2.434],[-54.935,2.519],[-54.954,2.584],[-55.004,2.591],[-55.103,2.526],[-55.123,2.568],[-55.173,2.559],[-55.235,2.504],[-55.32,2.516],[-55.356,2.476],[-55.346,2.448],[-55.385,2.419],[-55.429,2.439],[-55.5,2.443],[-55.571,2.424],[-55.578,2.436],[-55.642,2.416],[-55.698,2.422],[-55.708,2.403],[-55.718,2.402],[-55.747,2.411],[-55.767,2.455],[-55.839,2.462],[-55.881,2.489],[-55.902,2.517],[-55.935,2.534],[-55.978,2.527],[-55.978,2.497],[-55.991,2.467],[-55.99,2.417],[-56.037,2.374],[-56.023,2.348],[-56.051,2.335],[-56.074,2.371],[-56.09,2.372],[-56.094,2.321],[-56.107,2.318],[-56.132,2.264],[-56.109,2.245],[-56.088,2.25],[-56.043,2.228],[-56.056,2.189],[-56.035,2.169],[-56.003,2.168],[-55.976,2.126],[-55.967,2.089],[-55.927,2.075],[-55.902,2.029],[-55.914,1.991],[-55.935,1.997],[-55.921,1.919],[-55.904,1.888],[-55.934,1.872],[-55.954,1.849],[-55.999,1.831],[-56.037,1.85],[-56.099,1.847],[-56.13,1.859],[-56.153,1.891],[-56.234,1.899],[-56.241,1.88],[-56.321,1.924],[-56.335,1.937],[-56.412,1.928],[-56.437,1.952],[-56.483,1.954],[-56.496,1.938],[-56.58,1.906],[-56.621,1.946],[-56.655,1.918],[-56.692,1.915],[-56.716,1.926],[-56.75,1.903],[-56.768,1.876],[-56.801,1.874],[-56.894,1.899],[-56.92,1.93],[-56.959,1.925],[-56.976,1.903],[-57.001,1.907],[-57.035,1.949],[-57.071,1.969],[-57.073,2.003],[-57.087,2.027],[-57.146,1.995],[-57.179,1.99],[-57.229,1.954],[-57.253,1.949],[-57.277,1.983],[-57.307,1.997],[-57.313,1.977],[-57.346,1.98],[-57.365,1.926],[-57.433,1.906],[-57.432,1.859],[-57.451,1.806],[-57.502,1.786],[-57.497,1.774],[-57.519,1.721],[-57.553,1.693],[-57.576,1.703],[-57.605,1.693],[-57.629,1.699],[-57.65,1.682],[-57.72,1.723],[-57.752,1.719],[-57.792,1.727],[-57.798,1.697],[-57.82,1.684],[-57.895,1.674],[-57.927,1.645],[-57.981,1.659],[-57.989,1.548],[-58.006,1.517],[-58.027,1.509],[-58.061,1.525],[-58.069,1.507],[-58.098,1.514],[-58.129,1.499],[-58.15,1.51],[-58.161,1.56],[-58.189,1.572],[-58.233,1.548],[-58.262,1.571],[-58.317,1.569],[-58.36,1.56],[-58.363,1.538],[-58.39,1.535],[-58.386,1.47],[-58.413,1.473],[-58.448,1.456],[-58.505,1.465],[-58.498,1.43],[-58.505,1.403],[-58.464,1.365],[-58.471,1.319],[-58.495,1.295],[-58.496,1.268],[-58.538,1.268],[-58.56,1.29],[-58.589,1.27],[-58.629,1.289],[-58.661,1.281],[-58.695,1.297],[-58.71,1.29],[-58.716,1.241],[-58.737,1.206],[-58.751,1.209],[-58.821,1.171],[-58.854,1.184],[-58.871,1.218],[-58.895,1.228],[-58.895,0.905],[-58.896,0.592],[-58.895,0.264],[-58.895,-0.011],[-58.887,-0.059],[-58.864,-0.078],[-58.865,-0.169],[-58.881,-0.197],[-58.879,-0.229],[-58.865,-0.265],[-58.876,-0.311],[-58.869,-0.347],[-58.836,-0.373],[-58.783,-0.389],[-58.725,-0.438],[-58.736,-0.472],[-58.711,-0.518],[-58.709,-0.546],[-58.731,-0.581],[-58.736,-0.619],[-58.713,-0.645],[-58.706,-0.68],[-58.637,-0.72],[-58.609,-0.762],[-58.536,-0.822],[-58.498,-0.836],[-58.474,-0.869],[-58.461,-0.863],[-58.434,-0.892],[-58.452,-0.924],[-58.411,-0.982],[-58.424,-0.991],[-58.428,-1.025],[-58.364,-1.071],[-58.348,-1.113],[-58.317,-1.148],[-58.258,-1.131],[-58.163,-1.23],[-58.093,-1.162],[-58.081,-1.131],[-58.059,-1.106],[-58.017,-1.104],[-58.001,-1.148],[-57.969,-1.163],[-57.964,-1.204],[-57.987,-1.301],[-57.999,-1.331],[-57.956,-1.378],[-57.96,-1.397],[-57.911,-1.405],[-57.877,-1.423],[-57.825,-1.438],[-57.795,-1.487],[-57.758,-1.502],[-57.718,-1.503],[-57.689,-1.587],[-57.622,-1.589],[-57.544,-1.611],[-57.473,-1.679],[-57.443,-1.665],[-57.386,-1.698],[-57.353,-1.737],[-57.328,-1.716],[-57.309,-1.732],[-57.292,-1.708],[-57.231,-1.727],[-57.202,-1.713],[-57.171,-1.751],[-57.125,-1.768],[-57.11,-1.792],[-57.079,-1.803],[-57.068,-1.854],[-57.028,-1.918],[-56.988,-1.907],[-56.961,-1.953],[-56.924,-1.964],[-56.876,-1.992],[-56.859,-2.016],[-56.793,-2.021],[-56.748,-2.011],[-56.727,-2.031],[-56.727,-2.081],[-56.769,-2.141],[-56.761,-2.174],[-56.708,-2.184],[-56.679,-2.213],[-56.635,-2.204],[-56.613,-2.21],[-56.586,-2.176],[-56.57,-2.175],[-56.527,-2.139],[-56.508,-2.144],[-56.478,-2.17],[-56.444,-2.154],[-56.414,-2.176],[-56.368,-2.137],[-56.351,-2.149],[-56.317,-2.14],[-56.297,-2.101],[-56.256,-2.088],[-56.228,-2.056],[-56.197,-2.057],[-56.187,-2.043],[-56.099,-2.027],[-56.098,-2.037],[-56.169,-2.145],[-56.204,-2.183],[-56.263,-2.221],[-56.307,-2.242],[-56.364,-2.259],[-56.389,-2.278],[-56.413,-2.322],[-56.426,-2.369],[-56.466,-2.423],[-56.464,-2.432],[-56.402,-2.456],[-56.426,-2.502],[-56.61,-2.896],[-56.656,-3],[-56.768,-3.243],[-56.81,-3.333],[-56.887,-3.499],[-56.914,-3.562],[-56.956,-3.659],[-57,-3.759],[-57.13,-4.034],[-57.35,-4.502],[-57.475,-4.767],[-57.586,-5.001],[-57.772,-5.407],[-57.861,-5.601],[-58.034,-5.978],[-58.174,-6.279],[-58.267,-6.476],[-58.293,-6.494],[-58.327,-6.5],[-58.332,-6.533],[-58.35,-6.562],[-58.427,-6.616],[-58.465,-6.67],[-58.478,-6.7],[-58.482,-6.781],[-58.435,-6.909],[-58.38,-6.97],[-58.335,-6.986],[-58.288,-7.062],[-58.24,-7.095],[-58.181,-7.182],[-58.168,-7.239],[-58.175,-7.271],[-58.17,-7.313],[-58.147,-7.343],[-58.137,-7.356],[-58.121,-7.352],[-58.061,-7.395],[-58.04,-7.446],[-58.002,-7.488],[-57.973,-7.535],[-57.952,-7.58],[-57.934,-7.657],[-57.897,-7.678],[-57.88,-7.782],[-57.835,-7.881],[-57.832,-7.961],[-57.776,-8.052],[-57.732,-8.089],[-57.719,-8.151],[-57.705,-8.168],[-57.673,-8.173],[-57.642,-8.22],[-57.663,-8.268],[-57.68,-8.327],[-57.668,-8.364],[-57.687,-8.407],[-57.683,-8.43],[-57.652,-8.479],[-57.659,-8.5],[-57.633,-8.527],[-57.65,-8.553],[-57.645,-8.582],[-57.622,-8.591],[-57.623,-8.645],[-57.605,-8.663],[-57.594,-8.707],[-57.593,-8.756],[-57.562,-8.761],[-57.523,-8.75],[-57.463,-8.785],[-57.417,-8.793],[-57.416,-8.859],[-57.384,-8.88],[-57.318,-8.886],[-57.289,-8.916],[-57.235,-8.907],[-57.204,-8.921],[-57.138,-8.995],[-57.095,-9.017],[-57.09,-9.038],[-57.06,-9.064],[-57.039,-9.098],[-57.06,-9.137],[-57.06,-9.182],[-57.023,-9.22],[-56.995,-9.234],[-56.942,-9.229],[-56.872,-9.239],[-56.86,-9.232],[-56.82,-9.246],[-56.803,-9.267],[-56.775,-9.329],[-56.772,-9.391],[-56.754,-9.406],[-56.708,-9.373],[-56.672,-9.367],[-56.272,-9.401],[-56.156,-9.41],[-55.867,-9.434],[-55.378,-9.474],[-54.996,-9.505],[-54.613,-9.536],[-54.107,-9.572],[-53.589,-9.611],[-53.133,-9.645],[-52.619,-9.682],[-52.257,-9.708],[-51.724,-9.745],[-51.304,-9.773],[-50.846,-9.801],[-50.501,-9.824],[-50.225,-9.841],[-50.204,-9.791],[-50.199,-9.762],[-50.15,-9.693],[-50.138,-9.625],[-50.107,-9.594],[-50.107,-9.572],[-50.09,-9.546],[-50.105,-9.475],[-50.09,-9.432],[-50.053,-9.373],[-50.055,-9.335],[-50.038,-9.289],[-50.003,-9.265],[-49.997,-9.238],[-49.967,-9.231],[-49.946,-9.204],[-49.905,-9.17],[-49.897,-9.144],[-49.863,-9.081],[-49.851,-9.064],[-49.843,-9.027],[-49.794,-8.979],[-49.768,-8.934],[-49.684,-8.856],[-49.592,-8.839],[-49.543,-8.761],[-49.49,-8.692],[-49.482,-8.674],[-49.451,-8.612],[-49.41,-8.58],[-49.4,-8.545],[-49.391,-8.49],[-49.377,-8.455],[-49.349,-8.418],[-49.299,-8.395],[-49.283,-8.38],[-49.267,-8.334],[-49.249,-8.255],[-49.221,-8.204],[-49.21,-8.175],[-49.207,-8.127],[-49.193,-8.076],[-49.177,-8.062],[-49.176,-8.009],[-49.182,-7.977],[-49.163,-7.921],[-49.167,-7.856],[-49.15,-7.812],[-49.161,-7.791],[-49.221,-7.762],[-49.296,-7.696],[-49.323,-7.682],[-49.342,-7.656],[-49.361,-7.615],[-49.382,-7.569],[-49.378,-7.496],[-49.301,-7.411],[-49.264,-7.364],[-49.234,-7.329],[-49.185,-7.235],[-49.186,-7.197],[-49.194,-7.13],[-49.193,-7.041],[-49.217,-6.961],[-49.209,-6.925],[-49.172,-6.893],[-49.115,-6.87],[-49.083,-6.843],[-49.038,-6.809],[-49.019,-6.784],[-48.964,-6.779],[-48.914,-6.757],[-48.853,-6.749],[-48.826,-6.755],[-48.769,-6.731],[-48.729,-6.689],[-48.683,-6.678],[-48.666,-6.664],[-48.652,-6.64],[-48.664,-6.568],[-48.646,-6.509],[-48.634,-6.491],[-48.626,-6.478],[-48.607,-6.448],[-48.541,-6.401],[-48.5,-6.351],[-48.448,-6.351],[-48.383,-6.38],[-48.376,-6.345],[-48.389,-6.322],[-48.417,-6.299],[-48.413,-6.281],[-48.436,-6.201],[-48.432,-6.177],[-48.391,-6.147],[-48.365,-6.147],[-48.324,-6.133],[-48.288,-6.098],[-48.298,-6.05],[-48.33,-6.04],[-48.335,-6.004],[-48.297,-5.97],[-48.252,-5.96],[-48.233,-5.948],[-48.23,-5.922],[-48.292,-5.837],[-48.3,-5.796],[-48.29,-5.743],[-48.276,-5.726],[-48.231,-5.729],[-48.172,-5.709],[-48.141,-5.654],[-48.138,-5.603],[-48.195,-5.563],[-48.279,-5.54],[-48.328,-5.497],[-48.347,-5.435],[-48.373,-5.403],[-48.393,-5.394],[-48.441,-5.408],[-48.514,-5.43],[-48.557,-5.417],[-48.597,-5.422],[-48.629,-5.41],[-48.65,-5.385],[-48.737,-5.374],[-48.755,-5.349],[-48.452,-5.112],[-48.212,-4.925],[-48.195,-4.911]]],[[[-49.626,0.19],[-49.661,0.187],[-49.677,0.156],[-49.653,0.145],[-49.615,0.153],[-49.602,0.17],[-49.626,0.19]]],[[[-49.45,0.117],[-49.477,0.148],[-49.502,0.117],[-49.45,0.117]]],[[[-49.618,0.199],[-49.576,0.22],[-49.574,0.249],[-49.602,0.243],[-49.632,0.21],[-49.618,0.199]]],[[[-48.876,-0.182],[-48.887,-0.153],[-48.93,-0.16],[-48.947,-0.206],[-48.925,-0.214],[-48.881,-0.203],[-48.876,-0.182]]],[[[-46.311,-1.006],[-46.307,-0.943],[-46.34,-0.96],[-46.311,-1.006]]]]},"properties":{"uf":"PA"}},
{"type":"Feature","geometry":{"type":"MultiPolygon","coordinates":[[[[-50.684,2.144],[-50.687,2.191],[-50.725,2.253],[-50.723,2.288],[-50.741,2.309],[-50.747,2.353],[-50.768,2.407],[-50.77,2.453],[-50.794,2.499],[-50.816,2.503],[-50.844,2.601],[-50.848,2.64],[-50.88,2.684],[-50.887,2.746],[-50.905,2.757],[-50.906,2.782],[-50.945,2.818],[-50.954,2.837],[-50.949,2.875],[-50.984,2.937],[-50.999,3.011],[-51.021,3.051],[-51.014,3.086],[-51.044,3.134],[-51.033,3.214],[-51.065,3.288],[-51.086,3.35],[-51.109,3.451],[-51.091,3.481],[-51.082,3.56],[-51.086,3.592],[-51.091,3.739],[-51.081,3.885],[-51.102,3.913],[-51.151,3.914],[-51.179,3.92],[-51.176,4.011],[-51.188,4.077],[-51.216,4.15],[-51.283,4.25],[-51.394,4.365],[-51.486,4.437],[-51.638,4.509],[-51.669,4.454],[-51.664,4.424],[-51.679,4.366],[-51.677,4.333],[-51.649,4.267],[-51.623,4.226],[-51.622,4.195],[-51.635,4.176],[-51.638,4.133],[-51.656,4.054],[-51.676,4.036],[-51.746,4.002],[-51.782,3.964],[-51.781,3.925],[-51.799,3.887],[-51.856,3.833],[-51.874,3.803],[-51.898,3.798],[-51.927,3.767],[-51.916,3.746],[-51.925,3.722],[-51.956,3.72],[-51.973,3.706],[-51.993,3.643],[-51.989,3.627],[-52.019,3.594],[-52.061,3.519],[-52.087,3.49],[-52.095,3.462],[-52.122,3.424],[-52.189,3.302],[-52.234,3.241],[-52.25,3.251],[-52.292,3.226],[-52.299,3.178],[-52.329,3.167],[-52.351,3.123],[-52.328,3.071],[-52.362,3.017],[-52.371,2.976],[-52.395,2.932],[-52.39,2.898],[-52.42,2.893],[-52.478,2.782],[-52.475,2.764],[-52.529,2.652],[-52.555,2.64],[-52.527,2.582],[-52.561,2.547],[-52.565,2.516],[-52.616,2.446],[-52.637,2.445],[-52.657,2.404],[-52.661,2.374],[-52.71,2.359],[-52.717,2.344],[-52.778,2.318],[-52.804,2.3],[-52.842,2.291],[-52.854,2.264],[-52.873,2.258],[-52.904,2.189],[-52.988,2.169],[-53.053,2.19],[-53.084,2.213],[-53.139,2.212],[-53.221,2.194],[-53.243,2.208],[-53.279,2.186],[-53.276,2.225],[-53.229,2.262],[-53.283,2.31],[-53.308,2.318],[-53.323,2.347],[-53.36,2.349],[-53.368,2.321],[-53.44,2.28],[-53.461,2.291],[-53.473,2.257],[-53.52,2.267],[-53.55,2.258],[-53.584,2.269],[-53.598,2.285],[-53.656,2.285],[-53.695,2.312],[-53.749,2.313],[-53.725,2.349],[-53.742,2.375],[-53.767,2.379],[-53.8,2.365],[-53.844,2.309],[-53.884,2.316],[-53.888,2.299],[-53.942,2.278],[-53.936,2.259],[-53.975,2.232],[-54.001,2.23],[-54.189,2.179],[-54.437,2.21],[-54.602,2.337],[-54.662,2.327],[-54.692,2.361],[-54.685,2.447],[-54.744,2.472],[-54.797,2.439],[-54.872,2.434],[-54.875,2.415],[-54.808,2.342],[-54.796,2.318],[-54.811,2.266],[-54.763,2.202],[-54.768,2.181],[-54.806,2.139],[-54.804,2.026],[-54.769,1.996],[-54.756,1.974],[-54.77,1.926],[-54.738,1.825],[-54.754,1.798],[-54.745,1.776],[-54.644,1.769],[-54.602,1.785],[-54.53,1.767],[-54.496,1.747],[-54.457,1.758],[-54.404,1.76],[-54.352,1.754],[-54.27,1.705],[-54.263,1.688],[-54.201,1.646],[-54.186,1.654],[-54.144,1.641],[-54.102,1.584],[-54.099,1.551],[-54.069,1.501],[-54.052,1.495],[-54.02,1.516],[-54.002,1.484],[-53.967,1.484],[-53.896,1.455],[-53.877,1.432],[-53.888,1.408],[-53.824,1.39],[-53.784,1.403],[-53.701,1.378],[-53.665,1.375],[-53.633,1.347],[-53.595,1.358],[-53.538,1.341],[-53.533,1.322],[-53.563,1.307],[-53.553,1.28],[-53.523,1.261],[-53.546,1.229],[-53.525,1.212],[-53.474,1.239],[-53.426,1.226],[-53.396,1.179],[-53.402,1.154],[-53.444,1.151],[-53.459,1.134],[-53.456,1.077],[-53.422,1.034],[-53.427,0.992],[-53.411,0.982],[-53.411,0.929],[-53.322,0.872],[-53.287,0.846],[-53.255,0.809],[-53.19,0.768],[-53.185,0.748],[-53.157,0.729],[-53.147,0.7],[-53.106,0.68],[-53.123,0.63],[-53.147,0.6],[-53.152,0.532],[-53.17,0.494],[-53.155,0.48],[-53.168,0.446],[-53.161,0.399],[-53.175,0.382],[-53.136,0.326],[-53.131,0.296],[-53.094,0.259],[-53.106,0.237],[-53.094,0.195],[-53.052,0.157],[-53.029,0.105],[-53.011,0.095],[-53.015,0.06],[-52.976,0.019],[-52.975,-0.022],[-52.933,-0.142],[-52.904,-0.155],[-52.872,-0.143],[-52.851,-0.15],[-52.836,-0.186],[-52.76,-0.238],[-52.754,-0.262],[-52.684,-0.314],[-52.682,-0.34],[-52.697,-0.393],[-52.679,-0.424],[-52.703,-0.459],[-52.695,-0.496],[-52.64,-0.585],[-52.613,-0.595],[-52.576,-0.576],[-52.535,-0.574],[-52.513,-0.62],[-52.51,-0.679],[-52.497,-0.711],[-52.502,-0.747],[-52.518,-0.775],[-52.517,-0.809],[-52.542,-0.836],[-52.537,-0.858],[-52.511,-0.857],[-52.455,-0.83],[-52.412,-0.863],[-52.401,-0.882],[-52.405,-0.913],[-52.427,-0.919],[-52.439,-0.944],[-52.419,-0.972],[-52.417,-1.026],[-52.4,-1.044],[-52.358,-1.063],[-52.333,-1.116],[-52.296,-1.117],[-52.273,-1.128],[-52.215,-1.135],[-52.179,-1.13],[-52.147,-1.149],[-52.12,-1.146],[-52.107,-1.183],[-52.111,-1.215],[-52.07,-1.236],[-52.048,-1.214],[-52.055,-1.177],[-51.987,-1.164],[-51.993,-1.129],[-51.975,-1.121],[-51.966,-1.153],[-51.949,-1.169],[-51.931,-1.134],[-51.882,-1.166],[-51.809,-1.157],[-51.778,-1.14],[-51.7,-1.063],[-51.686,-1.013],[-51.696,-0.925],[-51.683,-0.795],[-51.595,-0.65],[-51.515,-0.566],[-51.458,-0.513],[-51.432,-0.473],[-51.424,-0.437],[-51.362,-0.368],[-51.348,-0.3],[-51.323,-0.264],[-51.302,-0.253],[-51.235,-0.144],[-51.208,-0.117],[-51.172,-0.104],[-51.118,-0.097],[-51.069,-0.079],[-51.017,-0.011],[-50.997,0.004],[-50.975,0.042],[-50.921,0.076],[-50.785,0.112],[-50.743,0.131],[-50.668,0.185],[-50.645,0.209],[-50.6,0.249],[-50.553,0.313],[-50.524,0.372],[-50.504,0.435],[-50.476,0.482],[-50.467,0.531],[-50.436,0.6],[-50.41,0.623],[-50.359,0.66],[-50.329,0.674],[-50.226,0.696],[-50.231,0.73],[-50.22,0.743],[-50.166,0.754],[-50.153,0.75],[-50.097,0.767],[-50.037,0.833],[-50.02,0.859],[-49.988,0.875],[-50.002,0.906],[-49.989,0.94],[-49.944,0.959],[-49.927,0.985],[-49.89,1.014],[-49.885,1.047],[-49.883,1.169],[-49.894,1.182],[-49.902,1.24],[-49.904,1.296],[-49.884,1.34],[-49.876,1.423],[-49.882,1.5],[-49.898,1.557],[-49.9,1.602],[-49.921,1.688],[-49.958,1.72],[-50.032,1.76],[-50.132,1.797],[-50.159,1.811],[-50.29,1.808],[-50.325,1.815],[-50.373,1.801],[-50.424,1.805],[-50.475,1.839],[-50.508,1.888],[-50.526,1.93],[-50.558,1.956],[-50.583,1.99],[-50.6,2.041],[-50.598,2.064],[-50.642,2.113],[-50.684,2.144]]],[[[-50.509,2.185],[-50.55,2.152],[-50.534,2.143],[-50.508,2.1],[-50.469,2.104],[-50.458,2.115],[-50.423,2.119],[-50.424,2.147],[-50.463,2.182],[-50.509,2.185]]],[[[-50.45,2.109],[-50.468,2.1],[-50.504,2.094],[-50.521,2.005],[-50.499,1.995],[-50.491,1.965],[-50.466,1.923],[-50.455,1.889],[-50.425,1.867],[-50.367,1.89],[-50.317,1.948],[-50.322,1.975],[-50.362,2.022],[-50.361,2.057],[-50.405,2.111],[-50.45,2.109]]]]},"properties":{"uf":"AP"}},
{"type":"Feature","geometry":{"type":"Polygon","coordinates":[[[-47.43,-6.423],[-47.41,-6.366],[-47.409,-6.328],[-47.379,-6.273],[-47.381,-6.25],[-47.423,-6.16],[-47.434,-6.093],[-47.43,-6.068],[-47.428,-6.039],[-47.439,-6.012],[-47.448,-5.99],[-47.43,-5.938],[-47.432,-5.866],[-47.438,-5.857],[-47.442,-5.831],[-47.493,-5.73],[-47.493,-5.71],[-47.474,-5.662],[-47.477,-5.637],[-47.48,-5.622],[-47.483,-5.565],[-47.5,-5.526],[-47.56,-5.463],[-47.58,-5.47],[-47.619,-5.46],[-47.68,-5.415],[-47.744,-5.38],[-47.827,-5.387],[-47.868,-5.343],[-47.867,-5.305],[-47.886,-5.261],[-47.937,-5.24],[-48.015,-5.238],[-48.069,-5.271],[-48.185,-5.257],[-48.225,-5.235],[-48.293,-5.204],[-48.329,-5.197],[-48.364,-5.168],[-48.473,-5.187],[-48.487,-5.194],[-48.519,-5.192],[-48.561,-5.23],[-48.569,-5.283],[-48.606,-5.336],[-48.63,-5.333],[-48.658,-5.308],[-48.692,-5.312],[-48.712,-5.353],[-48.755,-5.349],[-48.737,-5.374],[-48.65,-5.385],[-48.629,-5.41],[-48.597,-5.422],[-48.557,-5.417],[-48.514,-5.43],[-48.441,-5.408],[-48.393,-5.394],[-48.373,-5.403],[-48.347,-5.435],[-48.328,-5.497],[-48.279,-5.54],[-48.195,-5.563],[-48.138,-5.603],[-48.141,-5.654],[-48.172,-5.709],[-48.231,-5.729],[-48.276,-5.726],[-48.29,-5.743],[-48.3,-5.796],[-48.292,-5.837],[-48.23,-5.922],[-48.233,-5.948],[-48.252,-5.96],[-48.297,-5.97],[-48.335,-6.004],[-48.33,-6.04],[-48.298,-6.05],[-48.288,-6.098],[-48.324,-6.133],[-48.365,-6.147],[-48.391,-6.147],[-48.432,-6.177],[-48.436,-6.201],[-48.413,-6.281],[-48.417,-6.299],[-48.389,-6.322],[-48.376,-6.345],[-48.383,-6.38],[-48.448,-6.351],[-48.5,-6.351],[-48.541,-6.401],[-48.607,-6.448],[-48.626,-6.478],[-48.634,-6.491],[-48.646,-6.509],[-48.664,-6.568],[-48.652,-6.64],[-48.666,-6.664],[-48.683,-6.678],[-48.729,-6.689],[-48.769,-6.731],[-48.826,-6.755],[-48.853,-6.749],[-48.914,-6.757],[-48.964,-6.779],[-49.019,-6.784],[-49.038,-6.809],[-49.083,-6.843],[-49.115,-6.87],[-49.172,-6.893],[-49.209,-6.925],[-49.217,-6.961],[-49.193,-7.041],[-49.194,-7.13],[-49.186,-7.197],[-49.185,-7.235],[-49.234,-7.329],[-49.264,-7.364],[-49.301,-7.411],[-49.378,-7.496],[-49.382,-7.569],[-49.361,-7.615],[-49.342,-7.656],[-49.323,-7.682],[-49.296,-7.696],[-49.221,-7.762],[-49.161,-7.791],[-49.15,-7.812],[-49.167,-7.856],[-49.163,-7.921],[-49.182,-7.977],[-49.176,-8.009],[-49.177,-8.062],[-49.193,-8.076],[-49.207,-8.127],[-49.21,-8.175],[-49.221,-8.204],[-49.249,-8.255],[-49.267,-8.334],[-49.283,-8.38],[-49.299,-8.395],[-49.349,-8.418],[-49.377,-8.455],[-49.391,-8.49],[-49.4,-8.545],[-49.41,-8.58],[-49.451,-8.612],[-49.482,-8.674],[-49.49,-8.692],[-49.543,-8.761],[-49.592,-8.839],[-49.684,-8.856],[-49.768,-8.934],[-49.794,-8.979],[-49.843,-9.027],[-49.851,-9.064],[-49.863,-9.081],[-49.897,-9.144],[-49.905,-9.17],[-49.946,-9.204],[-49.967,-9.231],[-49.997,-9.238],[-50.003,-9.265],[-50.038,-9.289],[-50.055,-9.335],[-50.053,-9.373],[-50.09,-9.432],[-50.105,-9.475],[-50.09,-9.546],[-50.107,-9.572],[-50.107,-9.594],[-50.138,-9.625],[-50.15,-9.693],[-50.199,-9.762],[-50.204,-9.791],[-50.225,-9.841],[-50.265,-9.913],[-50.278,-9.971],[-50.303,-10.035],[-50.34,-10.061],[-50.378,-10.111],[-50.398,-10.155],[-50.382,-10.212],[-50.423,-10.327],[-50.418,-10.355],[-50.448,-10.392],[-50.474,-10.405],[-50.487,-10.462],[-50.483,-10.49],[-50.517,-10.505],[-50.52,-10.562],[-50.541,-10.609],[-50.563,-10.611],[-50.583,-10.644],[-50.603,-10.66],[-50.603,-10.661],[-50.591,-10.681],[-50.571,-10.752],[-50.597,-10.805],[-50.612,-10.81],[-50.619,-10.864],[-50.601,-10.901],[-50.633,-10.932],[-50.609,-11.067],[-50.635,-11.097],[-50.664,-11.152],[-50.655,-11.215],[-50.671,-11.287],[-50.7,-11.313],[-50.712,-11.36],[-50.728,-11.383],[-50.728,-11.417],[-50.742,-11.46],[-50.735,-11.512],[-50.739,-11.544],[-50.716,-11.579],[-50.67,-11.582],[-50.657,-11.593],[-50.664,-11.677],[-50.717,-11.727],[-50.722,-11.74],[-50.691,-11.817],[-50.686,-11.859],[-50.639,-11.885],[-50.641,-11.903],[-50.668,-11.93],[-50.657,-11.967],[-50.682,-11.991],[-50.687,-12.036],[-50.668,-12.065],[-50.679,-12.155],[-50.681,-12.217],[-50.644,-12.223],[-50.651,-12.245],[-50.632,-12.269],[-50.649,-12.299],[-50.638,-12.325],[-50.645,-12.346],[-50.627,-12.384],[-50.634,-12.414],[-50.618,-12.429],[-50.624,-12.455],[-50.653,-12.46],[-50.647,-12.485],[-50.662,-12.532],[-50.7,-12.595],[-50.701,-12.643],[-50.684,-12.648],[-50.656,-12.646],[-50.655,-12.679],[-50.623,-12.735],[-50.63,-12.776],[-50.625,-12.8],[-50.582,-12.799],[-50.6,-12.824],[-50.567,-12.843],[-50.513,-12.845],[-50.511,-12.861],[-50.484,-12.809],[-50.493,-12.784],[-50.475,-12.771],[-50.487,-12.744],[-50.479,-12.713],[-50.432,-12.688],[-50.435,-12.658],[-50.417,-12.623],[-50.386,-12.59],[-50.37,-12.558],[-50.331,-12.535],[-50.334,-12.52],[-50.305,-12.492],[-50.262,-12.477],[-50.254,-12.462],[-50.206,-12.445],[-50.142,-12.395],[-50.215,-12.482],[-50.229,-12.532],[-50.193,-12.564],[-50.245,-12.597],[-50.237,-12.624],[-50.268,-12.652],[-50.296,-12.711],[-50.311,-12.792],[-50.308,-12.817],[-50.286,-12.84],[-50.225,-12.86],[-50.224,-12.873],[-50.185,-12.894],[-50.09,-12.908],[-49.978,-12.941],[-49.909,-12.975],[-49.707,-13.086],[-49.368,-13.272],[-49.339,-13.253],[-49.349,-13.217],[-49.342,-13.124],[-49.355,-13.107],[-49.336,-13.063],[-49.303,-13.029],[-49.28,-12.989],[-49.281,-12.97],[-49.251,-12.93],[-49.238,-12.884],[-49.211,-12.878],[-49.189,-12.85],[-49.118,-12.79],[-49.105,-12.835],[-49.073,-12.855],[-49.088,-12.891],[-49.05,-12.909],[-49.032,-12.902],[-48.976,-12.957],[-48.88,-12.817],[-48.87,-12.803],[-48.847,-12.809],[-48.84,-12.843],[-48.775,-12.887],[-48.736,-12.921],[-48.732,-12.985],[-48.717,-13.001],[-48.67,-12.996],[-48.638,-13.017],[-48.628,-13.051],[-48.6,-13.059],[-48.598,-13.083],[-48.576,-13.124],[-48.592,-13.158],[-48.579,-13.17],[-48.589,-13.255],[-48.6,-13.288],[-48.58,-13.313],[-48.554,-13.303],[-48.554,-13.204],[-48.53,-13.192],[-48.516,-13.139],[-48.495,-13.137],[-48.469,-13.159],[-48.477,-13.178],[-48.462,-13.275],[-48.385,-13.264],[-48.342,-13.232],[-48.292,-13.22],[-48.25,-13.197],[-48.235,-13.176],[-48.18,-13.152],[-48.144,-13.152],[-48.166,-13.189],[-48.153,-13.219],[-48.167,-13.233],[-48.153,-13.28],[-48.17,-13.3],[-48.156,-13.308],[-48.079,-13.285],[-48.076,-13.246],[-48.062,-13.236],[-48.033,-13.274],[-47.981,-13.284],[-47.966,-13.313],[-47.937,-13.291],[-47.893,-13.308],[-47.885,-13.32],[-47.824,-13.312],[-47.798,-13.329],[-47.68,-13.468],[-47.624,-13.376],[-47.65,-13.349],[-47.658,-13.295],[-47.64,-13.264],[-47.667,-13.208],[-47.645,-13.15],[-47.646,-13.12],[-47.617,-13.104],[-47.569,-13.117],[-47.565,-13.18],[-47.541,-13.192],[-47.477,-13.187],[-47.488,-13.212],[-47.465,-13.227],[-47.454,-13.252],[-47.417,-13.271],[-47.393,-13.262],[-47.38,-13.231],[-47.327,-13.252],[-47.296,-13.249],[-47.281,-13.265],[-47.252,-13.213],[-47.225,-13.193],[-47.197,-13.194],[-47.155,-13.21],[-47.132,-13.178],[-47.091,-13.173],[-47.011,-13.141],[-46.978,-13.121],[-46.894,-13.054],[-46.855,-13.068],[-46.823,-13.007],[-46.751,-12.969],[-46.635,-12.97],[-46.455,-12.971],[-46.446,-12.936],[-46.433,-12.929],[-46.418,-12.822],[-46.398,-12.851],[-46.366,-12.863],[-46.365,-12.935],[-46.371,-12.988],[-46.305,-12.978],[-46.229,-12.958],[-46.198,-12.957],[-46.178,-12.94],[-46.151,-12.938],[-46.113,-12.918],[-46.144,-12.931],[-46.167,-12.928],[-46.221,-12.95],[-46.265,-12.94],[-46.288,-12.952],[-46.308,-12.942],[-46.312,-12.91],[-46.291,-12.9],[-46.3,-12.857],[-46.275,-12.84],[-46.274,-12.816],[-46.31,-12.795],[-46.282,-12.764],[-46.268,-12.716],[-46.292,-12.708],[-46.302,-12.685],[-46.268,-12.666],[-46.268,-12.651],[-46.307,-12.637],[-46.276,-12.594],[-46.27,-12.551],[-46.225,-12.528],[-46.198,-12.504],[-46.266,-12.499],[-46.261,-12.474],[-46.28,-12.454],[-46.27,-12.432],[-46.29,-12.417],[-46.331,-12.441],[-46.323,-12.406],[-46.297,-12.381],[-46.3,-12.364],[-46.345,-12.366],[-46.37,-12.347],[-46.349,-12.299],[-46.385,-12.294],[-46.371,-12.271],[-46.388,-12.249],[-46.37,-12.232],[-46.381,-12.181],[-46.392,-12.171],[-46.372,-12.123],[-46.371,-12.1],[-46.388,-12.076],[-46.389,-12.049],[-46.451,-12.054],[-46.455,-12.03],[-46.422,-12.029],[-46.364,-11.991],[-46.336,-11.954],[-46.297,-11.938],[-46.233,-11.936],[-46.193,-11.921],[-46.19,-11.903],[-46.248,-11.919],[-46.258,-11.912],[-46.307,-11.914],[-46.38,-11.867],[-46.373,-11.832],[-46.338,-11.813],[-46.338,-11.794],[-46.374,-11.768],[-46.377,-11.749],[-46.342,-11.737],[-46.308,-11.687],[-46.328,-11.676],[-46.338,-11.642],[-46.385,-11.627],[-46.341,-11.61],[-46.244,-11.605],[-46.226,-11.636],[-46.199,-11.648],[-46.155,-11.65],[-46.144,-11.624],[-46.081,-11.624],[-46.113,-11.606],[-46.209,-11.585],[-46.25,-11.537],[-46.35,-11.506],[-46.439,-11.521],[-46.524,-11.464],[-46.531,-11.377],[-46.56,-11.372],[-46.576,-11.342],[-46.553,-11.265],[-46.466,-11.134],[-46.342,-10.939],[-46.267,-10.935],[-46.26,-10.812],[-46.226,-10.783],[-46.206,-10.798],[-46.193,-10.743],[-46.165,-10.722],[-46.15,-10.692],[-46.161,-10.659],[-46.128,-10.621],[-46.061,-10.6],[-45.975,-10.552],[-45.929,-10.522],[-45.871,-10.503],[-45.82,-10.456],[-45.798,-10.323],[-45.727,-10.312],[-45.699,-10.259],[-45.702,-10.179],[-45.723,-10.155],[-45.735,-10.18],[-45.727,-10.203],[-45.744,-10.24],[-45.794,-10.268],[-45.867,-10.254],[-45.897,-10.264],[-45.916,-10.313],[-45.887,-10.34],[-45.911,-10.371],[-45.971,-10.359],[-46,-10.297],[-46.028,-10.277],[-46.012,-10.251],[-46.023,-10.183],[-46.039,-10.177],[-46.093,-10.21],[-46.13,-10.206],[-46.163,-10.214],[-46.195,-10.183],[-46.211,-10.17],[-46.268,-10.181],[-46.325,-10.183],[-46.368,-10.169],[-46.384,-10.12],[-46.421,-10.081],[-46.445,-10.077],[-46.457,-10.018],[-46.477,-9.99],[-46.466,-9.937],[-46.475,-9.904],[-46.473,-9.877],[-46.513,-9.797],[-46.562,-9.811],[-46.58,-9.796],[-46.569,-9.77],[-46.596,-9.747],[-46.644,-9.74],[-46.653,-9.693],[-46.613,-9.666],[-46.606,-9.63],[-46.583,-9.586],[-46.539,-9.56],[-46.574,-9.521],[-46.56,-9.494],[-46.573,-9.478],[-46.64,-9.458],[-46.648,-9.427],[-46.633,-9.412],[-46.666,-9.392],[-46.723,-9.396],[-46.754,-9.414],[-46.759,-9.381],[-46.799,-9.339],[-46.819,-9.303],[-46.847,-9.292],[-46.819,-9.257],[-46.829,-9.24],[-46.82,-9.212],[-46.852,-9.186],[-46.861,-9.146],[-46.9,-9.128],[-46.926,-9.135],[-46.93,-9.106],[-46.912,-9.083],[-46.94,-9.064],[-46.976,-9.082],[-47.007,-9.082],[-47.058,-9.053],[-47.038,-9.001],[-47.021,-8.988],[-47.011,-8.947],[-46.97,-8.914],[-46.993,-8.879],[-46.918,-8.857],[-46.903,-8.814],[-46.905,-8.775],[-46.926,-8.735],[-46.914,-8.709],[-46.887,-8.686],[-46.889,-8.67],[-46.916,-8.648],[-46.898,-8.601],[-46.902,-8.586],[-46.846,-8.534],[-46.849,-8.475],[-46.823,-8.474],[-46.8,-8.454],[-46.803,-8.406],[-46.777,-8.368],[-46.727,-8.383],[-46.703,-8.348],[-46.633,-8.318],[-46.594,-8.327],[-46.544,-8.317],[-46.508,-8.27],[-46.504,-8.222],[-46.492,-8.193],[-46.515,-8.171],[-46.483,-8.091],[-46.466,-8.073],[-46.48,-8.043],[-46.476,-8.015],[-46.501,-7.973],[-46.55,-7.951],[-46.581,-7.908],[-46.605,-7.897],[-46.651,-7.91],[-46.723,-7.922],[-46.807,-7.951],[-46.829,-7.962],[-46.883,-7.964],[-46.941,-7.998],[-46.963,-8.039],[-47.015,-8.059],[-47.046,-8.053],[-47.063,-8.004],[-47.1,-7.985],[-47.106,-7.952],[-47.14,-7.925],[-47.181,-7.859],[-47.24,-7.814],[-47.246,-7.781],[-47.289,-7.729],[-47.313,-7.731],[-47.317,-7.704],[-47.337,-7.664],[-47.315,-7.662],[-47.358,-7.616],[-47.366,-7.655],[-47.388,-7.631],[-47.383,-7.6],[-47.4,-7.568],[-47.43,-7.547],[-47.429,-7.525],[-47.462,-7.518],[-47.496,-7.481],[-47.503,-7.439],[-47.528,-7.433],[-47.561,-7.45],[-47.592,-7.44],[-47.58,-7.419],[-47.493,-7.376],[-47.478,-7.337],[-47.5,-7.294],[-47.543,-7.265],[-47.592,-7.264],[-47.627,-7.301],[-47.651,-7.302],[-47.684,-7.245],[-47.737,-7.217],[-47.75,-7.195],[-47.745,-7.162],[-47.711,-7.138],[-47.66,-7.151],[-47.627,-7.122],[-47.618,-7.091],[-47.547,-7.017],[-47.528,-6.971],[-47.53,-6.946],[-47.508,-6.907],[-47.507,-6.872],[-47.52,-6.84],[-47.529,-6.828],[-47.517,-6.79],[-47.494,-6.751],[-47.496,-6.697],[-47.499,-6.671],[-47.469,-6.621],[-47.465,-6.581],[-47.456,-6.538],[-47.425,-6.497],[-47.416,-6.484],[-47.433,-6.44],[-47.43,-6.423]]]},"properties":{"uf":"TO"}},
{"type":"Feature","geometry":{"type":"MultiPolygon","coordinates":[[[[-47.816,-4.615],[-48.025,-4.778],[-48.058,-4.804],[-48.195,-4.911],[-48.212,-4.925],[-48.452,-5.112],[-48.755,-5.349],[-48.712,-5.353],[-48.692,-5.312],[-48.658,-5.308],[-48.63,-5.333],[-48.606,-5.336],[-48.569,-5.283],[-48.561,-5.23],[-48.519,-5.192],[-48.487,-5.194],[-48.473,-5.187],[-48.364,-5.168],[-48.329,-5.197],[-48.293,-5.204],[-48.225,-5.235],[-48.185,-5.257],[-48.069,-5.271],[-48.015,-5.238],[-47.937,-5.24],[-47.886,-5.261],[-47.867,-5.305],[-47.868,-5.343],[-47.827,-5.387],[-47.744,-5.38],[-47.68,-5.415],[-47.619,-5.46],[-47.58,-5.47],[-47.56,-5.463],[-47.5,-5.526],[-47.483,-5.565],[-47.48,-5.622],[-47.477,-5.637],[-47.474,-5.662],[-47.493,-5.71],[-47.493,-5.73],[-47.442,-5.831],[-47.438,-5.857],[-47.432,-5.866],[-47.43,-5.938],[-47.448,-5.99],[-47.439,-6.012],[-47.428,-6.039],[-47.43,-6.068],[-47.434,-6.093],[-47.423,-6.16],[-47.381,-6.25],[-47.379,-6.273],[-47.409,-6.328],[-47.41,-6.366],[-47.43,-6.423],[-47.433,-6.44],[-47.416,-6.484],[-47.425,-6.497],[-47.456,-6.538],[-47.465,-6.581],[-47.469,-6.621],[-47.499,-6.671],[-47.496,-6.697],[-47.494,-6.751],[-47.517,-6.79],[-47.529,-6.828],[-47.52,-6.84],[-47.507,-6.872],[-47.508,-6.907],[-47.53,-6.946],[-47.528,-6.971],[-47.547,-7.017],[-47.618,-7.091],[-47.627,-7.122],[-47.66,-7.151],[-47.711,-7.138],[-47.745,-7.162],[-47.75,-7.195],[-47.737,-7.217],[-47.684,-7.245],[-47.651,-7.302],[-47.627,-7.301],[-47.592,-7.264],[-47.543,-7.265],[-47.5,-7.294],[-47.478,-7.337],[-47.493,-7.376],[-47.58,-7.419],[-47.592,-7.44],[-47.561,-7.45],[-47.528,-7.433],[-47.503,-7.439],[-47.496,-7.481],[-47.462,-7.518],[-47.429,-7.525],[-47.43,-7.547],[-47.4,-7.568],[-47.383,-7.6],[-47.388,-7.631],[-47.366,-7.655],[-47.358,-7.616],[-47.315,-7.662],[-47.337,-7.664],[-47.317,-7.704],[-47.313,-7.731],[-47.289,-7.729],[-47.246,-7.781],[-47.24,-7.814],[-47.181,-7.859],[-47.14,-7.925],[-47.106,-7.952],[-47.1,-7.985],[-47.063,-8.004],[-47.046,-8.053],[-47.015,-8.059],[-46.963,-8.039],[-46.941,-7.998],[-46.883,-7.964],[-46.829,-7.962],[-46.807,-7.951],[-46.723,-7.922],[-46.651,-7.91],[-46.605,-7.897],[-46.581,-7.908],[-46.55,-7.951],[-46.501,-7.973],[-46.476,-8.015],[-46.48,-8.043],[-46.466,-8.073],[-46.483,-8.091],[-46.515,-8.171],[-46.492,-8.193],[-46.504,-8.222],[-46.508,-8.27],[-46.544,-8.317],[-46.594,-8.327],[-46.633,-8.318],[-46.703,-8.348],[-46.727,-8.383],[-46.777,-8.368],[-46.803,-8.406],[-46.8,-8.454],[-46.823,-8.474],[-46.849,-8.475],[-46.846,-8.534],[-46.902,-8.586],[-46.898,-8.601],[-46.916,-8.648],[-46.889,-8.67],[-46.887,-8.686],[-46.914,-8.709],[-46.926,-8.735],[-46.905,-8.775],[-46.903,-8.814],[-46.918,-8.857],[-46.993,-8.879],[-46.97,-8.914],[-47.011,-8.947],[-47.021,-8.988],[-47.038,-9.001],[-47.058,-9.053],[-47.007,-9.082],[-46.976,-9.082],[-46.94,-9.064],[-46.912,-9.083],[-46.93,-9.106],[-46.926,-9.135],[-46.9,-9.128],[-46.861,-9.146],[-46.852,-9.186],[-46.82,-9.212],[-46.829,-9.24],[-46.819,-9.257],[-46.847,-9.292],[-46.819,-9.303],[-46.799,-9.339],[-46.759,-9.381],[-46.754,-9.414],[-46.723,-9.396],[-46.666,-9.392],[-46.633,-9.412],[-46.648,-9.427],[-46.64,-9.458],[-46.573,-9.478],[-46.56,-9.494],[-46.574,-9.521],[-46.539,-9.56],[-46.583,-9.586],[-46.606,-9.63],[-46.613,-9.666],[-46.653,-9.693],[-46.644,-9.74],[-46.596,-9.747],[-46.569,-9.77],[-46.58,-9.796],[-46.562,-9.811],[-46.513,-9.797],[-46.473,-9.877],[-46.475,-9.904],[-46.466,-9.937],[-46.477,-9.99],[-46.457,-10.018],[-46.445,-10.077],[-46.421,-10.081],[-46.384,-10.12],[-46.368,-10.169],[-46.325,-10.183],[-46.268,-10.181],[-46.211,-10.17],[-46.195,-10.183],[-46.163,-10.214],[-46.13,-10.206],[-46.093,-10.21],[-46.039,-10.177],[-46.023,-10.183],[-46.012,-10.251],[-45.974,-10.248],[-45.946,-10.196],[-45.9,-10.153],[-45.878,-10.11],[-45.87,-10.069],[-45.88,-10.061],[-45.855,-9.996],[-45.842,-9.939],[-45.858,-9.907],[-45.864,-9.861],[-45.839,-9.797],[-45.821,-9.773],[-45.821,-9.739],[-45.839,-9.696],[-45.83,-9.68],[-45.833,-9.652],[-45.82,-9.618],[-45.838,-9.594],[-45.842,-9.563],[-45.811,-9.504],[-45.791,-9.483],[-45.799,-9.417],[-45.848,-9.356],[-45.887,-9.349],[-45.908,-9.298],[-45.897,-9.233],[-45.898,-9.185],[-45.929,-9.128],[-45.923,-9.09],[-45.941,-9.055],[-45.944,-9.016],[-45.991,-8.949],[-45.995,-8.927],[-45.949,-8.845],[-45.96,-8.815],[-45.938,-8.787],[-45.89,-8.741],[-45.841,-8.716],[-45.795,-8.592],[-45.772,-8.575],[-45.739,-8.501],[-45.745,-8.453],[-45.725,-8.395],[-45.706,-8.388],[-45.69,-8.336],[-45.667,-8.289],[-45.664,-8.25],[-45.609,-8.205],[-45.615,-8.191],[-45.584,-8.157],[-45.585,-8.095],[-45.563,-8.044],[-45.577,-8.03],[-45.539,-7.918],[-45.52,-7.885],[-45.538,-7.862],[-45.511,-7.823],[-45.51,-7.8],[-45.49,-7.787],[-45.456,-7.67],[-45.398,-7.639],[-45.335,-7.578],[-45.262,-7.571],[-45.233,-7.549],[-45.215,-7.567],[-45.155,-7.513],[-45.127,-7.514],[-45.086,-7.502],[-45.05,-7.513],[-44.989,-7.482],[-44.985,-7.481],[-44.923,-7.467],[-44.899,-7.425],[-44.868,-7.422],[-44.847,-7.386],[-44.817,-7.361],[-44.78,-7.378],[-44.742,-7.362],[-44.73,-7.39],[-44.69,-7.396],[-44.66,-7.329],[-44.616,-7.309],[-44.565,-7.229],[-44.522,-7.219],[-44.512,-7.193],[-44.473,-7.166],[-44.431,-7.152],[-44.386,-7.121],[-44.327,-7.11],[-44.313,-7.119],[-44.276,-7.074],[-44.276,-7.058],[-44.278,-7.038],[-44.249,-7],[-44.208,-6.97],[-44.201,-6.933],[-44.174,-6.92],[-44.171,-6.885],[-44.141,-6.865],[-44.116,-6.806],[-44.059,-6.808],[-44.053,-6.768],[-43.988,-6.757],[-43.957,-6.743],[-43.93,-6.771],[-43.914,-6.753],[-43.884,-6.759],[-43.854,-6.736],[-43.82,-6.727],[-43.791,-6.702],[-43.754,-6.703],[-43.715,-6.699],[-43.637,-6.72],[-43.584,-6.757],[-43.562,-6.748],[-43.542,-6.789],[-43.508,-6.799],[-43.489,-6.821],[-43.455,-6.846],[-43.391,-6.834],[-43.344,-6.798],[-43.316,-6.801],[-43.271,-6.793],[-43.248,-6.768],[-43.178,-6.767],[-43.148,-6.784],[-43.101,-6.768],[-43.087,-6.751],[-43.048,-6.762],[-43.011,-6.76],[-42.993,-6.749],[-42.977,-6.718],[-42.947,-6.702],[-42.919,-6.669],[-42.915,-6.648],[-42.908,-6.606],[-42.887,-6.578],[-42.886,-6.505],[-42.865,-6.482],[-42.877,-6.417],[-42.854,-6.382],[-42.851,-6.359],[-42.829,-6.341],[-42.849,-6.308],[-42.854,-6.25],[-42.876,-6.226],[-42.899,-6.223],[-42.933,-6.193],[-42.97,-6.177],[-42.978,-6.138],[-42.992,-6.118],[-43.049,-6.102],[-43.076,-6.043],[-43.049,-6.014],[-43.051,-5.99],[-43.084,-5.957],[-43.096,-5.91],[-43.075,-5.865],[-43.094,-5.835],[-43.09,-5.808],[-43.101,-5.759],[-43.076,-5.735],[-43.089,-5.672],[-43.08,-5.649],[-43.095,-5.615],[-43.082,-5.599],[-43.033,-5.592],[-43.024,-5.562],[-43.004,-5.543],[-42.995,-5.508],[-42.973,-5.484],[-42.968,-5.453],[-42.931,-5.439],[-42.911,-5.396],[-42.887,-5.392],[-42.865,-5.369],[-42.825,-5.346],[-42.816,-5.318],[-42.812,-5.282],[-42.829,-5.239],[-42.799,-5.19],[-42.817,-5.102],[-42.835,-5.074],[-42.845,-5.024],[-42.863,-4.968],[-42.854,-4.937],[-42.89,-4.895],[-42.893,-4.888],[-42.897,-4.843],[-42.939,-4.809],[-42.95,-4.769],[-42.926,-4.751],[-42.927,-4.717],[-42.953,-4.687],[-42.916,-4.651],[-42.866,-4.566],[-42.875,-4.539],[-42.85,-4.498],[-42.854,-4.474],[-42.878,-4.458],[-42.872,-4.428],[-42.897,-4.402],[-42.949,-4.385],[-42.964,-4.361],[-42.965,-4.322],[-42.985,-4.283],[-42.986,-4.22],[-42.943,-4.167],[-42.924,-4.153],[-42.89,-4.155],[-42.9,-4.117],[-42.87,-4.104],[-42.856,-4.079],[-42.845,-4.037],[-42.817,-3.993],[-42.791,-3.979],[-42.781,-3.955],[-42.739,-3.927],[-42.722,-3.884],[-42.684,-3.803],[-42.671,-3.792],[-42.684,-3.765],[-42.67,-3.728],[-42.683,-3.694],[-42.675,-3.673],[-42.633,-3.632],[-42.617,-3.611],[-42.61,-3.586],[-42.563,-3.559],[-42.53,-3.511],[-42.527,-3.486],[-42.508,-3.473],[-42.496,-3.446],[-42.489,-3.473],[-42.47,-3.484],[-42.448,-3.478],[-42.425,-3.453],[-42.4,-3.475],[-42.389,-3.449],[-42.356,-3.451],[-42.334,-3.434],[-42.302,-3.452],[-42.273,-3.445],[-42.225,-3.427],[-42.202,-3.431],[-42.195,-3.399],[-42.151,-3.387],[-42.146,-3.356],[-42.126,-3.346],[-42.12,-3.31],[-42.124,-3.267],[-42.069,-3.264],[-42.041,-3.247],[-42.013,-3.248],[-41.986,-3.222],[-41.98,-3.216],[-41.972,-3.193],[-41.947,-3.174],[-41.925,-3.138],[-41.925,-3.113],[-41.896,-3.094],[-41.869,-3.06],[-41.823,-3.018],[-41.797,-2.961],[-41.806,-2.938],[-41.834,-2.916],[-41.866,-2.87],[-41.845,-2.814],[-41.849,-2.784],[-41.826,-2.757],[-41.807,-2.73],[-41.91,-2.719],[-41.984,-2.723],[-42.019,-2.714],[-42.043,-2.73],[-42.071,-2.687],[-42.137,-2.695],[-42.213,-2.687],[-42.223,-2.692],[-42.255,-2.676],[-42.264,-2.758],[-42.339,-2.749],[-42.365,-2.715],[-42.422,-2.714],[-42.488,-2.703],[-42.504,-2.678],[-42.563,-2.678],[-42.587,-2.669],[-42.641,-2.625],[-42.696,-2.574],[-42.727,-2.555],[-42.761,-2.546],[-42.829,-2.543],[-42.965,-2.475],[-43.015,-2.457],[-43.237,-2.359],[-43.312,-2.339],[-43.378,-2.342],[-43.405,-2.335],[-43.461,-2.35],[-43.483,-2.385],[-43.452,-2.444],[-43.462,-2.486],[-43.507,-2.477],[-43.521,-2.455],[-43.516,-2.424],[-43.537,-2.422],[-43.555,-2.447],[-43.558,-2.48],[-43.624,-2.51],[-43.664,-2.488],[-43.697,-2.515],[-43.717,-2.476],[-43.748,-2.494],[-43.76,-2.466],[-43.741,-2.435],[-43.71,-2.427],[-43.686,-2.397],[-43.645,-2.401],[-43.629,-2.358],[-43.625,-2.307],[-43.594,-2.283],[-43.604,-2.258],[-43.627,-2.251],[-43.701,-2.279],[-43.72,-2.291],[-43.722,-2.322],[-43.74,-2.35],[-43.727,-2.386],[-43.762,-2.419],[-43.798,-2.44],[-43.803,-2.391],[-43.838,-2.417],[-43.847,-2.502],[-43.89,-2.534],[-43.892,-2.555],[-43.931,-2.562],[-43.956,-2.621],[-44.004,-2.638],[-44.079,-2.744],[-44.116,-2.749],[-44.148,-2.768],[-44.192,-2.765],[-44.257,-2.778],[-44.266,-2.76],[-44.251,-2.732],[-44.215,-2.723],[-44.176,-2.702],[-44.138,-2.682],[-44.132,-2.656],[-44.106,-2.629],[-44.102,-2.597],[-44.08,-2.564],[-44.034,-2.55],[-44.024,-2.512],[-44.052,-2.466],[-44.026,-2.451],[-44.032,-2.406],[-44.095,-2.407],[-44.154,-2.436],[-44.174,-2.458],[-44.184,-2.461],[-44.221,-2.474],[-44.305,-2.487],[-44.321,-2.527],[-44.355,-2.532],[-44.378,-2.566],[-44.354,-2.603],[-44.39,-2.721],[-44.389,-2.754],[-44.41,-2.799],[-44.406,-2.882],[-44.425,-2.944],[-44.449,-2.981],[-44.495,-3.026],[-44.548,-3.045],[-44.592,-3.041],[-44.662,-3.013],[-44.679,-2.979],[-44.68,-2.919],[-44.652,-2.893],[-44.633,-2.846],[-44.65,-2.805],[-44.623,-2.737],[-44.627,-2.703],[-44.586,-2.659],[-44.555,-2.596],[-44.537,-2.545],[-44.487,-2.517],[-44.478,-2.488],[-44.443,-2.457],[-44.442,-2.414],[-44.388,-2.409],[-44.372,-2.38],[-44.38,-2.359],[-44.358,-2.337],[-44.384,-2.277],[-44.398,-2.215],[-44.435,-2.166],[-44.462,-2.146],[-44.53,-2.16],[-44.544,-2.196],[-44.623,-2.267],[-44.644,-2.296],[-44.678,-2.28],[-44.682,-2.255],[-44.634,-2.228],[-44.587,-2.166],[-44.589,-2.137],[-44.567,-2.126],[-44.555,-2.097],[-44.498,-2.049],[-44.519,-2.035],[-44.566,-2.022],[-44.578,-2.029],[-44.564,-2.015],[-44.536,-2.02],[-44.482,-1.988],[-44.496,-1.972],[-44.492,-1.945],[-44.513,-1.889],[-44.552,-1.888],[-44.539,-1.85],[-44.568,-1.825],[-44.564,-1.804],[-44.615,-1.763],[-44.601,-1.74],[-44.652,-1.715],[-44.647,-1.759],[-44.752,-1.789],[-44.759,-1.783],[-44.7,-1.731],[-44.754,-1.718],[-44.777,-1.68],[-44.738,-1.651],[-44.675,-1.641],[-44.658,-1.66],[-44.636,-1.617],[-44.657,-1.588],[-44.705,-1.554],[-44.723,-1.557],[-44.758,-1.592],[-44.777,-1.577],[-44.803,-1.589],[-44.836,-1.574],[-44.854,-1.617],[-44.89,-1.604],[-44.912,-1.594],[-44.916,-1.547],[-44.9,-1.535],[-44.874,-1.49],[-44.843,-1.478],[-44.83,-1.428],[-44.86,-1.411],[-44.885,-1.419],[-44.899,-1.446],[-44.936,-1.48],[-44.974,-1.5],[-44.948,-1.538],[-44.953,-1.56],[-44.964,-1.536],[-45.008,-1.486],[-45.028,-1.493],[-45.103,-1.473],[-45.177,-1.496],[-45.196,-1.488],[-45.212,-1.531],[-45.236,-1.554],[-45.25,-1.587],[-45.268,-1.599],[-45.324,-1.597],[-45.343,-1.587],[-45.322,-1.545],[-45.308,-1.497],[-45.316,-1.486],[-45.383,-1.467],[-45.31,-1.438],[-45.298,-1.413],[-45.308,-1.367],[-45.305,-1.336],[-45.338,-1.315],[-45.375,-1.366],[-45.372,-1.397],[-45.404,-1.421],[-45.436,-1.428],[-45.458,-1.47],[-45.475,-1.48],[-45.489,-1.469],[-45.485,-1.414],[-45.475,-1.372],[-45.422,-1.353],[-45.407,-1.325],[-45.41,-1.302],[-45.447,-1.309],[-45.476,-1.325],[-45.504,-1.377],[-45.527,-1.359],[-45.519,-1.318],[-45.573,-1.287],[-45.587,-1.27],[-45.611,-1.275],[-45.626,-1.284],[-45.643,-1.232],[-45.638,-1.196],[-45.614,-1.157],[-45.635,-1.148],[-45.648,-1.215],[-45.646,-1.232],[-45.69,-1.274],[-45.706,-1.27],[-45.734,-1.235],[-45.736,-1.207],[-45.691,-1.149],[-45.723,-1.128],[-45.742,-1.141],[-45.769,-1.199],[-45.781,-1.193],[-45.789,-1.187],[-45.796,-1.183],[-45.847,-1.213],[-45.883,-1.149],[-45.865,-1.131],[-45.865,-1.108],[-45.843,-1.083],[-45.854,-1.053],[-45.871,-1.052],[-45.895,-1.113],[-45.946,-1.196],[-45.958,-1.195],[-45.963,-1.11],[-45.976,-1.066],[-46.018,-1.08],[-46.075,-1.161],[-46.077,-1.196],[-46.104,-1.202],[-46.133,-1.21],[-46.151,-1.233],[-46.14,-1.248],[-46.162,-1.282],[-46.133,-1.31],[-46.115,-1.352],[-46.153,-1.426],[-46.144,-1.45],[-46.176,-1.477],[-46.144,-1.518],[-46.134,-1.582],[-46.161,-1.623],[-46.155,-1.675],[-46.174,-1.7],[-46.203,-1.705],[-46.221,-1.731],[-46.248,-1.721],[-46.266,-1.733],[-46.295,-1.727],[-46.315,-1.742],[-46.324,-1.773],[-46.31,-1.806],[-46.259,-1.795],[-46.23,-1.803],[-46.211,-1.831],[-46.243,-1.879],[-46.223,-1.915],[-46.263,-2.049],[-46.275,-2.055],[-46.273,-2.12],[-46.283,-2.154],[-46.327,-2.186],[-46.347,-2.222],[-46.391,-2.25],[-46.411,-2.229],[-46.43,-2.235],[-46.416,-2.274],[-46.433,-2.301],[-46.432,-2.364],[-46.413,-2.379],[-46.439,-2.413],[-46.436,-2.471],[-46.43,-2.537],[-46.474,-2.547],[-46.509,-2.591],[-46.507,-2.617],[-46.567,-2.627],[-46.587,-2.64],[-46.622,-2.645],[-46.619,-2.665],[-46.671,-2.706],[-46.67,-2.735],[-46.631,-2.771],[-46.626,-2.806],[-46.599,-2.796],[-46.59,-2.846],[-46.641,-2.854],[-46.639,-2.884],[-46.673,-2.893],[-46.655,-2.932],[-46.673,-2.945],[-46.647,-2.97],[-46.668,-2.993],[-46.677,-3.034],[-46.673,-3.067],[-46.689,-3.093],[-46.75,-3.124],[-46.723,-3.159],[-46.769,-3.199],[-46.779,-3.241],[-46.802,-3.266],[-46.815,-3.311],[-46.832,-3.313],[-46.859,-3.343],[-46.884,-3.337],[-46.927,-3.376],[-46.956,-3.426],[-46.942,-3.449],[-46.982,-3.496],[-46.97,-3.512],[-47.016,-3.554],[-47.038,-3.564],[-47.031,-3.605],[-47.051,-3.653],[-47.039,-3.673],[-47.053,-3.747],[-47.085,-3.857],[-47.127,-3.877],[-47.135,-3.902],[-47.173,-3.924],[-47.169,-3.941],[-47.195,-3.986],[-47.24,-4],[-47.281,-4.033],[-47.293,-4.052],[-47.319,-4.048],[-47.347,-4.109],[-47.357,-4.177],[-47.376,-4.223],[-47.372,-4.245],[-47.401,-4.268],[-47.442,-4.287],[-47.479,-4.328],[-47.476,-4.356],[-47.537,-4.452],[-47.562,-4.472],[-47.584,-4.523],[-47.615,-4.56],[-47.68,-4.609],[-47.725,-4.606],[-47.754,-4.591],[-47.793,-4.586],[-47.816,-4.615]]],[[[-44.481,-2.727],[-44.506,-2.729],[-44.532,-2.749],[-44.586,-2.815],[-44.58,-2.856],[-44.614,-2.951],[-44.638,-2.981],[-44.592,-3.015],[-44.561,-3.022],[-44.49,-2.971],[-44.479,-2.958],[-44.476,-2.888],[-44.482,-2.808],[-44.477,-2.782],[-44.481,-2.727]]],[[[-45.536,-1.228],[-45.539,-1.205],[-45.58,-1.196],[-45.578,-1.231],[-45.536,-1.228]]],[[[-44.966,-1.271],[-44.987,-1.266],[-45.002,-1.292],[-44.987,-1.323],[-45.029,-1.318],[-45.034,-1.338],[-45.015,-1.354],[-45.021,-1.384],[-45.005,-1.401],[-44.968,-1.39],[-44.943,-1.365],[-44.901,-1.337],[-44.867,-1.329],[-44.878,-1.285],[-44.929,-1.267],[-44.966,-1.271]]],[[[-44.774,-1.487],[-44.781,-1.485],[-44.813,-1.506],[-44.834,-1.534],[-44.809,-1.561],[-44.8,-1.525],[-44.788,-1.504],[-44.774,-1.487]]],[[[-44.752,-1.468],[-44.776,-1.478],[-44.772,-1.486],[-44.775,-1.495],[-44.791,-1.514],[-44.751,-1.517],[-44.742,-1.493],[-44.752,-1.468]]],[[[-45.691,-1.265],[-45.671,-1.252],[-45.668,-1.222],[-45.688,-1.184],[-45.709,-1.221],[-45.71,-1.243],[-45.691,-1.265]]],[[[-43.542,-2.361],[-43.558,-2.355],[-43.613,-2.378],[-43.581,-2.423],[-43.562,-2.424],[-43.543,-2.387],[-43.542,-2.361]]]]},"properties":{"uf":"MA"}},
{"type":"Feature","geometry":{"type":"Polygon","coordinates":[[[-40.764,-8.244],[-40.711,-8.225],[-40.701,-8.203],[-40.645,-8.158],[-40.633,-8.139],[-40.605,-8.15],[-40.589,-8.138],[-40.604,-8.104],[-40.576,-8.03],[-40.561,-7.997],[-40.544,-7.962],[-40.538,-7.857],[-40.555,-7.818],[-40.578,-7.805],[-40.645,-7.787],[-40.674,-7.762],[-40.667,-7.726],[-40.636,-7.7],[-40.622,-7.658],[-40.646,-7.595],[-40.681,-7.558],[-40.704,-7.519],[-40.715,-7.481],[-40.701,-7.456],[-40.663,-7.449],[-40.652,-7.433],[-40.548,-7.393],[-40.541,-7.332],[-40.524,-7.318],[-40.512,-7.299],[-40.516,-7.264],[-40.506,-7.211],[-40.484,-7.133],[-40.49,-7.119],[-40.459,-7.078],[-40.428,-7.034],[-40.429,-6.948],[-40.425,-6.935],[-40.433,-6.908],[-40.428,-6.864],[-40.387,-6.83],[-40.37,-6.803],[-40.389,-6.797],[-40.432,-6.813],[-40.477,-6.733],[-40.517,-6.73],[-40.602,-6.716],[-40.651,-6.678],[-40.71,-6.676],[-40.732,-6.654],[-40.722,-6.618],[-40.736,-6.6],[-40.754,-6.555],[-40.788,-6.524],[-40.79,-6.501],[-40.796,-6.428],[-40.805,-6.393],[-40.779,-6.341],[-40.787,-6.305],[-40.852,-6.224],[-40.853,-6.16],[-40.846,-6.138],[-40.858,-6.105],[-40.873,-6.057],[-40.906,-6.046],[-40.904,-6.021],[-40.874,-5.973],[-40.88,-5.918],[-40.909,-5.826],[-40.91,-5.766],[-40.914,-5.725],[-40.939,-5.673],[-40.908,-5.642],[-40.902,-5.608],[-40.916,-5.564],[-40.936,-5.526],[-40.929,-5.493],[-40.916,-5.468],[-40.937,-5.439],[-40.938,-5.416],[-40.911,-5.407],[-40.936,-5.366],[-40.918,-5.338],[-40.913,-5.308],[-40.927,-5.297],[-40.912,-5.267],[-40.936,-5.243],[-40.922,-5.226],[-40.932,-5.201],[-40.929,-5.172],[-40.989,-5.139],[-41.026,-5.11],[-41.082,-5.088],[-41.097,-5.054],[-41.132,-5.049],[-41.121,-5.024],[-41.124,-5.006],[-41.151,-4.992],[-41.189,-4.941],[-41.22,-4.939],[-41.234,-4.908],[-41.228,-4.891],[-41.25,-4.87],[-41.233,-4.81],[-41.213,-4.772],[-41.25,-4.757],[-41.181,-4.673],[-41.203,-4.638],[-41.233,-4.61],[-41.24,-4.574],[-41.221,-4.567],[-41.191,-4.515],[-41.178,-4.468],[-41.177,-4.443],[-41.16,-4.411],[-41.149,-4.367],[-41.119,-4.324],[-41.136,-4.233],[-41.099,-4.182],[-41.098,-4.18],[-41.118,-4.165],[-41.139,-4.121],[-41.113,-4.05],[-41.12,-4.036],[-41.169,-4.033],[-41.183,-4.018],[-41.239,-4.017],[-41.249,-3.99],[-41.229,-3.968],[-41.22,-3.941],[-41.246,-3.896],[-41.288,-3.822],[-41.254,-3.775],[-41.261,-3.746],[-41.239,-3.713],[-41.308,-3.685],[-41.334,-3.684],[-41.331,-3.625],[-41.344,-3.59],[-41.367,-3.562],[-41.337,-3.554],[-41.321,-3.498],[-41.303,-3.492],[-41.32,-3.484],[-41.327,-3.446],[-41.324,-3.386],[-41.375,-3.399],[-41.4,-3.385],[-41.414,-3.35],[-41.396,-3.304],[-41.322,-3.18],[-41.327,-3.161],[-41.311,-3.136],[-41.256,-3.088],[-41.261,-3.054],[-41.253,-3.035],[-41.271,-2.971],[-41.303,-2.967],[-41.322,-2.952],[-41.323,-2.921],[-41.34,-2.927],[-41.398,-2.904],[-41.436,-2.906],[-41.478,-2.896],[-41.51,-2.911],[-41.556,-2.899],[-41.578,-2.907],[-41.612,-2.896],[-41.65,-2.864],[-41.681,-2.848],[-41.73,-2.803],[-41.741,-2.808],[-41.782,-2.758],[-41.826,-2.757],[-41.849,-2.784],[-41.845,-2.814],[-41.866,-2.87],[-41.834,-2.916],[-41.806,-2.938],[-41.797,-2.961],[-41.823,-3.018],[-41.869,-3.06],[-41.896,-3.094],[-41.925,-3.113],[-41.925,-3.138],[-41.947,-3.174],[-41.972,-3.193],[-41.98,-3.216],[-41.986,-3.222],[-42.013,-3.248],[-42.041,-3.247],[-42.069,-3.264],[-42.124,-3.267],[-42.12,-3.31],[-42.126,-3.346],[-42.146,-3.356],[-42.151,-3.387],[-42.195,-3.399],[-42.202,-3.431],[-42.225,-3.427],[-42.273,-3.445],[-42.302,-3.452],[-42.334,-3.434],[-42.356,-3.451],[-42.389,-3.449],[-42.4,-3.475],[-42.425,-3.453],[-42.448,-3.478],[-42.47,-3.484],[-42.489,-3.473],[-42.496,-3.446],[-42.508,-3.473],[-42.527,-3.486],[-42.53,-3.511],[-42.563,-3.559],[-42.61,-3.586],[-42.617,-3.611],[-42.633,-3.632],[-42.675,-3.673],[-42.683,-3.694],[-42.67,-3.728],[-42.684,-3.765],[-42.671,-3.792],[-42.684,-3.803],[-42.722,-3.884],[-42.739,-3.927],[-42.781,-3.955],[-42.791,-3.979],[-42.817,-3.993],[-42.845,-4.037],[-42.856,-4.079],[-42.87,-4.104],[-42.9,-4.117],[-42.89,-4.155],[-42.924,-4.153],[-42.943,-4.167],[-42.986,-4.22],[-42.985,-4.283],[-42.965,-4.322],[-42.964,-4.361],[-42.949,-4.385],[-42.897,-4.402],[-42.872,-4.428],[-42.878,-4.458],[-42.854,-4.474],[-42.85,-4.498],[-42.875,-4.539],[-42.866,-4.566],[-42.916,-4.651],[-42.953,-4.687],[-42.927,-4.717],[-42.926,-4.751],[-42.95,-4.769],[-42.939,-4.809],[-42.897,-4.843],[-42.893,-4.888],[-42.89,-4.895],[-42.854,-4.937],[-42.863,-4.968],[-42.845,-5.024],[-42.835,-5.074],[-42.817,-5.102],[-42.799,-5.19],[-42.829,-5.239],[-42.812,-5.282],[-42.816,-5.318],[-42.825,-5.346],[-42.865,-5.369],[-42.887,-5.392],[-42.911,-5.396],[-42.931,-5.439],[-42.968,-5.453],[-42.973,-5.484],[-42.995,-5.508],[-43.004,-5.543],[-43.024,-5.562],[-43.033,-5.592],[-43.082,-5.599],[-43.095,-5.615],[-43.08,-5.649],[-43.089,-5.672],[-43.076,-5.735],[-43.101,-5.759],[-43.09,-5.808],[-43.094,-5.835],[-43.075,-5.865],[-43.096,-5.91],[-43.084,-5.957],[-43.051,-5.99],[-43.049,-6.014],[-43.076,-6.043],[-43.049,-6.102],[-42.992,-6.118],[-42.978,-6.138],[-42.97,-6.177],[-42.933,-6.193],[-42.899,-6.223],[-42.876,-6.226],[-42.854,-6.25],[-42.849,-6.308],[-42.829,-6.341],[-42.851,-6.359],[-42.854,-6.382],[-42.877,-6.417],[-42.865,-6.482],[-42.886,-6.505],[-42.887,-6.578],[-42.908,-6.606],[-42.915,-6.648],[-42.919,-6.669],[-42.947,-6.702],[-42.977,-6.718],[-42.993,-6.749],[-43.011,-6.76],[-43.048,-6.762],[-43.087,-6.751],[-43.101,-6.768],[-43.148,-6.784],[-43.178,-6.767],[-43.248,-6.768],[-43.271,-6.793],[-43.316,-6.801],[-43.344,-6.798],[-43.391,-6.834],[-43.455,-6.846],[-43.489,-6.821],[-43.508,-6.799],[-43.542,-6.789],[-43.562,-6.748],[-43.584,-6.757],[-43.637,-6.72],[-43.715,-6.699],[-43.754,-6.703],[-43.791,-6.702],[-43.82,-6.727],[-43.854,-6.736],[-43.884,-6.759],[-43.914,-6.753],[-43.93,-6.771],[-43.957,-6.743],[-43.988,-6.757],[-44.053,-6.768],[-44.059,-6.808],[-44.116,-6.806],[-44.141,-6.865],[-44.171,-6.885],[-44.174,-6.92],[-44.201,-6.933],[-44.208,-6.97],[-44.249,-7],[-44.278,-7.038],[-44.276,-7.058],[-44.276,-7.074],[-44.313,-7.119],[-44.327,-7.11],[-44.386,-7.121],[-44.431,-7.152],[-44.473,-7.166],[-44.512,-7.193],[-44.522,-7.219],[-44.565,-7.229],[-44.616,-7.309],[-44.66,-7.329],[-44.69,-7.396],[-44.73,-7.39],[-44.742,-7.362],[-44.78,-7.378],[-44.817,-7.361],[-44.847,-7.386],[-44.868,-7.422],[-44.899,-7.425],[-44.923,-7.467],[-44.985,-7.481],[-44.989,-7.482],[-45.05,-7.513],[-45.086,-7.502],[-45.127,-7.514],[-45.155,-7.513],[-45.215,-7.567],[-45.233,-7.549],[-45.262,-7.571],[-45.335,-7.578],[-45.398,-7.639],[-45.456,-7.67],[-45.49,-7.787],[-45.51,-7.8],[-45.511,-7.823],[-45.538,-7.862],[-45.52,-7.885],[-45.539,-7.918],[-45.577,-8.03],[-45.563,-8.044],[-45.585,-8.095],[-45.584,-8.157],[-45.615,-8.191],[-45.609,-8.205],[-45.664,-8.25],[-45.667,-8.289],[-45.69,-8.336],[-45.706,-8.388],[-45.725,-8.395],[-45.745,-8.453],[-45.739,-8.501],[-45.772,-8.575],[-45.795,-8.592],[-45.841,-8.716],[-45.89,-8.741],[-45.938,-8.787],[-45.96,-8.815],[-45.949,-8.845],[-45.995,-8.927],[-45.991,-8.949],[-45.944,-9.016],[-45.941,-9.055],[-45.923,-9.09],[-45.929,-9.128],[-45.898,-9.185],[-45.897,-9.233],[-45.908,-9.298],[-45.887,-9.349],[-45.848,-9.356],[-45.799,-9.417],[-45.791,-9.483],[-45.811,-9.504],[-45.842,-9.563],[-45.838,-9.594],[-45.82,-9.618],[-45.833,-9.652],[-45.83,-9.68],[-45.839,-9.696],[-45.821,-9.739],[-45.821,-9.773],[-45.839,-9.797],[-45.864,-9.861],[-45.858,-9.907],[-45.842,-9.939],[-45.855,-9.996],[-45.88,-10.061],[-45.87,-10.069],[-45.878,-10.11],[-45.9,-10.153],[-45.946,-10.196],[-45.974,-10.248],[-46.012,-10.251],[-46.028,-10.277],[-46,-10.297],[-45.971,-10.359],[-45.911,-10.371],[-45.887,-10.34],[-45.916,-10.313],[-45.897,-10.264],[-45.867,-10.254],[-45.794,-10.268],[-45.744,-10.24],[-45.727,-10.203],[-45.735,-10.18],[-45.723,-10.155],[-45.69,-10.155],[-45.647,-10.127],[-45.603,-10.108],[-45.567,-10.139],[-45.572,-10.181],[-45.557,-10.217],[-45.523,-10.244],[-45.522,-10.277],[-45.491,-10.301],[-45.43,-10.359],[-45.429,-10.414],[-45.396,-10.445],[-45.4,-10.463],[-45.447,-10.509],[-45.439,-10.522],[-45.446,-10.562],[-45.437,-10.616],[-45.414,-10.645],[-45.385,-10.652],[-45.369,-10.68],[-45.358,-10.732],[-45.33,-10.756],[-45.268,-10.776],[-45.246,-10.822],[-45.219,-10.817],[-45.205,-10.833],[-45.082,-10.839],[-45.051,-10.851],[-45.017,-10.885],[-44.973,-10.892],[-44.945,-10.919],[-44.931,-10.929],[-44.864,-10.885],[-44.847,-10.901],[-44.808,-10.866],[-44.81,-10.847],[-44.788,-10.808],[-44.715,-10.762],[-44.667,-10.759],[-44.661,-10.73],[-44.669,-10.687],[-44.627,-10.676],[-44.578,-10.627],[-44.547,-10.63],[-44.527,-10.647],[-44.5,-10.65],[-44.473,-10.635],[-44.452,-10.607],[-44.428,-10.612],[-44.392,-10.601],[-44.344,-10.55],[-44.314,-10.557],[-44.267,-10.623],[-44.245,-10.628],[-44.218,-10.615],[-44.165,-10.643],[-44.139,-10.64],[-44.111,-10.597],[-44.083,-10.589],[-44.072,-10.58],[-44.051,-10.506],[-44.026,-10.475],[-44.036,-10.445],[-44.028,-10.412],[-43.99,-10.418],[-43.977,-10.431],[-43.937,-10.436],[-43.914,-10.418],[-43.916,-10.393],[-43.895,-10.354],[-43.837,-10.302],[-43.837,-10.25],[-43.785,-10.192],[-43.766,-10.121],[-43.773,-10.099],[-43.759,-10.075],[-43.699,-10.078],[-43.693,-10.059],[-43.669,-10.031],[-43.665,-9.991],[-43.697,-9.974],[-43.69,-9.942],[-43.709,-9.913],[-43.677,-9.886],[-43.652,-9.844],[-43.665,-9.824],[-43.785,-9.762],[-43.798,-9.728],[-43.794,-9.705],[-43.828,-9.647],[-43.842,-9.637],[-43.841,-9.586],[-43.853,-9.562],[-43.838,-9.525],[-43.786,-9.458],[-43.782,-9.453],[-43.751,-9.434],[-43.689,-9.42],[-43.622,-9.371],[-43.606,-9.352],[-43.579,-9.32],[-43.541,-9.308],[-43.497,-9.272],[-43.469,-9.261],[-43.438,-9.266],[-43.395,-9.314],[-43.376,-9.349],[-43.336,-9.368],[-43.293,-9.401],[-43.285,-9.42],[-43.219,-9.401],[-43.194,-9.421],[-43.173,-9.41],[-43.161,-9.379],[-43.122,-9.373],[-43.074,-9.4],[-43.059,-9.397],[-43.04,-9.415],[-42.988,-9.401],[-42.959,-9.428],[-42.959,-9.48],[-42.944,-9.521],[-42.904,-9.527],[-42.877,-9.562],[-42.851,-9.551],[-42.828,-9.56],[-42.821,-9.619],[-42.77,-9.619],[-42.758,-9.589],[-42.716,-9.554],[-42.69,-9.546],[-42.62,-9.539],[-42.603,-9.517],[-42.59,-9.498],[-42.515,-9.502],[-42.493,-9.495],[-42.481,-9.459],[-42.449,-9.461],[-42.428,-9.44],[-42.418,-9.409],[-42.365,-9.382],[-42.357,-9.353],[-42.316,-9.317],[-42.269,-9.31],[-42.226,-9.283],[-42.206,-9.293],[-42.179,-9.285],[-42.134,-9.287],[-42.095,-9.279],[-42.069,-9.257],[-42.019,-9.25],[-42,-9.266],[-41.972,-9.249],[-41.922,-9.279],[-41.87,-9.237],[-41.855,-9.241],[-41.838,-9.242],[-41.8,-9.148],[-41.743,-9.104],[-41.733,-9.088],[-41.731,-9.028],[-41.724,-9.013],[-41.689,-9.014],[-41.669,-8.99],[-41.633,-8.986],[-41.606,-8.957],[-41.546,-8.962],[-41.541,-8.934],[-41.488,-8.844],[-41.472,-8.843],[-41.411,-8.774],[-41.381,-8.707],[-41.358,-8.708],[-41.337,-8.708],[-41.3,-8.682],[-41.287,-8.661],[-41.251,-8.662],[-41.213,-8.644],[-41.199,-8.592],[-41.167,-8.581],[-41.149,-8.534],[-41.127,-8.542],[-41.09,-8.513],[-41.076,-8.472],[-41.058,-8.478],[-41.039,-8.432],[-41.007,-8.421],[-40.978,-8.399],[-40.927,-8.446],[-40.902,-8.423],[-40.908,-8.401],[-40.862,-8.371],[-40.837,-8.381],[-40.819,-8.361],[-40.818,-8.32],[-40.793,-8.32],[-40.78,-8.296],[-40.784,-8.262],[-40.764,-8.244]]]},"properties":{"uf":"PI"}},
{"type":"Feature","geometry":{"type":"Polygon","coordinates":[[[-40.372,-2.812],[-40.409,-2.813],[-40.455,-2.803],[-40.498,-2.784],[-40.521,-2.792],[-40.53,-2.814],[-40.59,-2.846],[-40.641,-2.849],[-40.67,-2.843],[-40.729,-2.851],[-40.76,-2.849],[-40.792,-2.867],[-40.846,-2.885],[-40.858,-2.861],[-40.906,-2.861],[-40.923,-2.874],[-41.016,-2.892],[-41.102,-2.901],[-41.123,-2.892],[-41.271,-2.887],[-41.323,-2.921],[-41.322,-2.952],[-41.303,-2.967],[-41.271,-2.971],[-41.253,-3.035],[-41.261,-3.054],[-41.256,-3.088],[-41.311,-3.136],[-41.327,-3.161],[-41.322,-3.18],[-41.396,-3.304],[-41.414,-3.35],[-41.4,-3.385],[-41.375,-3.399],[-41.324,-3.386],[-41.327,-3.446],[-41.32,-3.484],[-41.303,-3.492],[-41.321,-3.498],[-41.337,-3.554],[-41.367,-3.562],[-41.344,-3.59],[-41.331,-3.625],[-41.334,-3.684],[-41.308,-3.685],[-41.239,-3.713],[-41.261,-3.746],[-41.254,-3.775],[-41.288,-3.822],[-41.246,-3.896],[-41.22,-3.941],[-41.229,-3.968],[-41.249,-3.99],[-41.239,-4.017],[-41.183,-4.018],[-41.169,-4.033],[-41.12,-4.036],[-41.113,-4.05],[-41.139,-4.121],[-41.118,-4.165],[-41.098,-4.18],[-41.099,-4.182],[-41.136,-4.233],[-41.119,-4.324],[-41.149,-4.367],[-41.16,-4.411],[-41.177,-4.443],[-41.178,-4.468],[-41.191,-4.515],[-41.221,-4.567],[-41.24,-4.574],[-41.233,-4.61],[-41.203,-4.638],[-41.181,-4.673],[-41.25,-4.757],[-41.213,-4.772],[-41.233,-4.81],[-41.25,-4.87],[-41.228,-4.891],[-41.234,-4.908],[-41.22,-4.939],[-41.189,-4.941],[-41.151,-4.992],[-41.124,-5.006],[-41.121,-5.024],[-41.132,-5.049],[-41.097,-5.054],[-41.082,-5.088],[-41.026,-5.11],[-40.989,-5.139],[-40.929,-5.172],[-40.932,-5.201],[-40.922,-5.226],[-40.936,-5.243],[-40.912,-5.267],[-40.927,-5.297],[-40.913,-5.308],[-40.918,-5.338],[-40.936,-5.366],[-40.911,-5.407],[-40.938,-5.416],[-40.937,-5.439],[-40.916,-5.468],[-40.929,-5.493],[-40.936,-5.526],[-40.916,-5.564],[-40.902,-5.608],[-40.908,-5.642],[-40.939,-5.673],[-40.914,-5.725],[-40.91,-5.766],[-40.909,-5.826],[-40.88,-5.918],[-40.874,-5.973],[-40.904,-6.021],[-40.906,-6.046],[-40.873,-6.057],[-40.858,-6.105],[-40.846,-6.138],[-40.853,-6.16],[-40.852,-6.224],[-40.787,-6.305],[-40.779,-6.341],[-40.805,-6.393],[-40.796,-6.428],[-40.79,-6.501],[-40.788,-6.524],[-40.754,-6.555],[-40.736,-6.6],[-40.722,-6.618],[-40.732,-6.654],[-40.71,-6.676],[-40.651,-6.678],[-40.602,-6.716],[-40.517,-6.73],[-40.477,-6.733],[-40.432,-6.813],[-40.389,-6.797],[-40.37,-6.803],[-40.387,-6.83],[-40.428,-6.864],[-40.433,-6.908],[-40.425,-6.935],[-40.429,-6.948],[-40.428,-7.034],[-40.459,-7.078],[-40.49,-7.119],[-40.484,-7.133],[-40.506,-7.211],[-40.516,-7.264],[-40.512,-7.299],[-40.524,-7.318],[-40.434,-7.367],[-40.394,-7.368],[-40.361,-7.356],[-40.345,-7.329],[-40.311,-7.301],[-40.263,-7.301],[-40.242,-7.318],[-40.196,-7.358],[-40.157,-7.371],[-40.128,-7.382],[-40.045,-7.381],[-40.001,-7.374],[-39.926,-7.341],[-39.905,-7.338],[-39.89,-7.34],[-39.858,-7.325],[-39.829,-7.332],[-39.741,-7.327],[-39.706,-7.338],[-39.646,-7.381],[-39.627,-7.427],[-39.599,-7.429],[-39.572,-7.43],[-39.546,-7.484],[-39.502,-7.464],[-39.461,-7.471],[-39.456,-7.502],[-39.485,-7.533],[-39.473,-7.573],[-39.448,-7.572],[-39.445,-7.572],[-39.421,-7.603],[-39.392,-7.608],[-39.37,-7.619],[-39.307,-7.665],[-39.266,-7.665],[-39.253,-7.705],[-39.208,-7.689],[-39.171,-7.715],[-39.147,-7.718],[-39.103,-7.771],[-39.088,-7.833],[-39.068,-7.842],[-39.054,-7.819],[-39.018,-7.813],[-39.005,-7.834],[-38.966,-7.846],[-38.962,-7.844],[-38.94,-7.792],[-38.94,-7.759],[-38.895,-7.75],[-38.881,-7.747],[-38.87,-7.711],[-38.828,-7.72],[-38.815,-7.697],[-38.824,-7.678],[-38.761,-7.656],[-38.743,-7.66],[-38.718,-7.627],[-38.715,-7.622],[-38.704,-7.581],[-38.683,-7.579],[-38.653,-7.553],[-38.646,-7.502],[-38.631,-7.487],[-38.645,-7.46],[-38.603,-7.458],[-38.585,-7.435],[-38.596,-7.416],[-38.549,-7.335],[-38.535,-7.29],[-38.554,-7.252],[-38.593,-7.248],[-38.62,-7.22],[-38.625,-7.191],[-38.644,-7.184],[-38.682,-7.187],[-38.678,-7.133],[-38.656,-7.092],[-38.677,-7.067],[-38.67,-7.048],[-38.674,-7.046],[-38.691,-7.029],[-38.765,-6.994],[-38.742,-6.974],[-38.765,-6.911],[-38.73,-6.897],[-38.675,-6.862],[-38.672,-6.847],[-38.652,-6.812],[-38.614,-6.782],[-38.652,-6.757],[-38.672,-6.706],[-38.647,-6.654],[-38.649,-6.628],[-38.629,-6.605],[-38.643,-6.582],[-38.607,-6.529],[-38.61,-6.532],[-38.612,-6.513],[-38.57,-6.47],[-38.567,-6.452],[-38.538,-6.421],[-38.551,-6.398],[-38.594,-6.397],[-38.592,-6.378],[-38.562,-6.356],[-38.582,-6.319],[-38.57,-6.293],[-38.554,-6.263],[-38.52,-6.223],[-38.527,-6.193],[-38.475,-6.157],[-38.466,-6.121],[-38.433,-6.078],[-38.405,-6.057],[-38.382,-6.053],[-38.368,-6.088],[-38.34,-6.078],[-38.306,-6.087],[-38.275,-6.066],[-38.253,-6.043],[-38.252,-6.01],[-38.202,-5.962],[-38.163,-5.939],[-38.159,-5.925],[-38.122,-5.882],[-38.119,-5.833],[-38.059,-5.755],[-38.047,-5.733],[-38.09,-5.715],[-38.083,-5.672],[-38.028,-5.623],[-37.998,-5.585],[-37.99,-5.556],[-37.951,-5.537],[-37.935,-5.505],[-37.902,-5.501],[-37.889,-5.452],[-37.86,-5.407],[-37.864,-5.374],[-37.847,-5.34],[-37.813,-5.317],[-37.787,-5.297],[-37.785,-5.24],[-37.788,-5.219],[-37.765,-5.14],[-37.733,-5.101],[-37.725,-5.071],[-37.677,-5.052],[-37.64,-4.926],[-37.467,-4.886],[-37.446,-4.881],[-37.357,-4.858],[-37.253,-4.831],[-37.282,-4.752],[-37.295,-4.73],[-37.345,-4.69],[-37.408,-4.675],[-37.479,-4.646],[-37.495,-4.629],[-37.54,-4.645],[-37.603,-4.617],[-37.652,-4.573],[-37.732,-4.488],[-37.754,-4.437],[-37.769,-4.426],[-37.77,-4.401],[-37.801,-4.4],[-37.845,-4.382],[-37.907,-4.34],[-37.988,-4.261],[-38.033,-4.225],[-38.115,-4.149],[-38.148,-4.102],[-38.192,-4.041],[-38.223,-4.007],[-38.273,-3.945],[-38.303,-3.936],[-38.36,-3.885],[-38.402,-3.824],[-38.44,-3.762],[-38.463,-3.713],[-38.496,-3.725],[-38.54,-3.716],[-38.588,-3.696],[-38.652,-3.682],[-38.696,-3.644],[-38.748,-3.617],[-38.77,-3.598],[-38.807,-3.548],[-38.852,-3.541],[-38.892,-3.506],[-38.918,-3.494],[-38.932,-3.465],[-38.974,-3.411],[-39.007,-3.397],[-39.049,-3.413],[-39.065,-3.407],[-39.091,-3.385],[-39.113,-3.347],[-39.139,-3.346],[-39.165,-3.326],[-39.228,-3.241],[-39.257,-3.219],[-39.277,-3.22],[-39.322,-3.201],[-39.341,-3.18],[-39.379,-3.183],[-39.436,-3.148],[-39.463,-3.144],[-39.487,-3.119],[-39.551,-3.079],[-39.592,-3.069],[-39.62,-3.026],[-39.661,-3.021],[-39.677,-3.001],[-39.721,-2.997],[-39.786,-2.951],[-39.795,-2.952],[-39.862,-2.9],[-39.919,-2.868],[-39.942,-2.866],[-39.966,-2.851],[-40.126,-2.823],[-40.144,-2.84],[-40.188,-2.812],[-40.237,-2.815],[-40.326,-2.806],[-40.372,-2.812]]]},"properties":{"uf":"CE"}},
{"type":"Feature","geometry":{"type":"Polygon","coordinates":[[[-36.504,-6.386],[-36.5,-6.358],[-36.433,-6.363],[-36.395,-6.294],[-36.363,-6.31],[-36.344,-6.302],[-36.314,-6.283],[-36.295,-6.292],[-36.279,-6.318],[-36.277,-6.34],[-36.296,-6.37],[-36.292,-6.396],[-36.251,-6.404],[-36.25,-6.437],[-36.226,-6.434],[-36.174,-6.431],[-36.11,-6.429],[-36.096,-6.42],[-36.077,-6.406],[-36.037,-6.444],[-36.017,-6.452],[-36.005,-6.481],[-35.965,-6.484],[-35.944,-6.493],[-35.87,-6.489],[-35.78,-6.483],[-35.773,-6.483],[-35.707,-6.469],[-35.664,-6.447],[-35.637,-6.454],[-35.604,-6.459],[-35.581,-6.484],[-35.565,-6.492],[-35.512,-6.477],[-35.483,-6.486],[-35.442,-6.487],[-35.408,-6.49],[-35.364,-6.512],[-35.341,-6.539],[-35.275,-6.544],[-35.224,-6.522],[-35.194,-6.55],[-35.146,-6.553],[-35.112,-6.505],[-35.095,-6.498],[-35.058,-6.528],[-35.028,-6.505],[-34.992,-6.501],[-34.968,-6.487],[-34.975,-6.42],[-34.992,-6.371],[-35.02,-6.366],[-35.032,-6.311],[-35.033,-6.286],[-35.036,-6.235],[-35.062,-6.226],[-35.094,-6.183],[-35.098,-6.14],[-35.096,-6.057],[-35.11,-6.043],[-35.106,-6.012],[-35.121,-5.982],[-35.153,-5.947],[-35.154,-5.898],[-35.179,-5.864],[-35.179,-5.799],[-35.204,-5.743],[-35.192,-5.701],[-35.218,-5.671],[-35.217,-5.631],[-35.227,-5.612],[-35.228,-5.575],[-35.245,-5.556],[-35.256,-5.517],[-35.261,-5.481],[-35.288,-5.461],[-35.293,-5.433],[-35.326,-5.381],[-35.355,-5.355],[-35.371,-5.285],[-35.382,-5.27],[-35.417,-5.221],[-35.459,-5.197],[-35.489,-5.157],[-35.572,-5.134],[-35.617,-5.114],[-35.639,-5.119],[-35.71,-5.103],[-35.791,-5.077],[-35.886,-5.067],[-35.908,-5.059],[-35.948,-5.044],[-35.981,-5.042],[-36.037,-5.051],[-36.099,-5.077],[-36.16,-5.096],[-36.242,-5.096],[-36.29,-5.088],[-36.308,-5.102],[-36.332,-5.087],[-36.372,-5.089],[-36.407,-5.081],[-36.449,-5.066],[-36.508,-5.062],[-36.542,-5.088],[-36.611,-5.079],[-36.613,-5.094],[-36.689,-5.088],[-36.716,-5.081],[-36.812,-5.026],[-36.856,-4.972],[-36.878,-4.951],[-36.919,-4.946],[-36.96,-4.919],[-37.003,-4.929],[-37.037,-4.95],[-37.104,-4.922],[-37.139,-4.948],[-37.158,-4.945],[-37.221,-4.881],[-37.253,-4.831],[-37.357,-4.858],[-37.446,-4.881],[-37.467,-4.886],[-37.64,-4.926],[-37.677,-5.052],[-37.725,-5.071],[-37.733,-5.101],[-37.765,-5.14],[-37.788,-5.219],[-37.785,-5.24],[-37.787,-5.297],[-37.813,-5.317],[-37.847,-5.34],[-37.864,-5.374],[-37.86,-5.407],[-37.889,-5.452],[-37.902,-5.501],[-37.935,-5.505],[-37.951,-5.537],[-37.99,-5.556],[-37.998,-5.585],[-38.028,-5.623],[-38.083,-5.672],[-38.09,-5.715],[-38.047,-5.733],[-38.059,-5.755],[-38.119,-5.833],[-38.122,-5.882],[-38.159,-5.925],[-38.163,-5.939],[-38.202,-5.962],[-38.252,-6.01],[-38.253,-6.043],[-38.275,-6.066],[-38.306,-6.087],[-38.34,-6.078],[-38.368,-6.088],[-38.382,-6.053],[-38.405,-6.057],[-38.433,-6.078],[-38.466,-6.121],[-38.475,-6.157],[-38.527,-6.193],[-38.52,-6.223],[-38.554,-6.263],[-38.57,-6.293],[-38.582,-6.319],[-38.562,-6.356],[-38.533,-6.342],[-38.504,-6.356],[-38.458,-6.33],[-38.489,-6.362],[-38.483,-6.389],[-38.448,-6.403],[-38.402,-6.41],[-38.384,-6.422],[-38.372,-6.456],[-38.344,-6.457],[-38.289,-6.506],[-38.256,-6.483],[-38.229,-6.483],[-38.192,-6.499],[-38.145,-6.494],[-38.12,-6.522],[-38.097,-6.508],[-38.071,-6.464],[-38.037,-6.457],[-38.027,-6.475],[-38.008,-6.432],[-37.942,-6.424],[-37.919,-6.412],[-37.89,-6.4],[-37.889,-6.37],[-37.859,-6.374],[-37.843,-6.333],[-37.812,-6.293],[-37.765,-6.292],[-37.777,-6.246],[-37.742,-6.189],[-37.709,-6.177],[-37.673,-6.191],[-37.616,-6.176],[-37.57,-6.155],[-37.54,-6.166],[-37.522,-6.152],[-37.459,-6.145],[-37.446,-6.112],[-37.394,-6.109],[-37.379,-6.085],[-37.354,-6.086],[-37.336,-6.067],[-37.296,-6.05],[-37.272,-6.056],[-37.256,-6.028],[-37.232,-6.028],[-37.174,-6.048],[-37.175,-6.142],[-37.157,-6.152],[-37.202,-6.206],[-37.234,-6.213],[-37.271,-6.252],[-37.273,-6.28],[-37.315,-6.278],[-37.334,-6.308],[-37.363,-6.322],[-37.377,-6.344],[-37.389,-6.391],[-37.396,-6.42],[-37.381,-6.437],[-37.391,-6.453],[-37.396,-6.51],[-37.421,-6.533],[-37.465,-6.533],[-37.48,-6.605],[-37.466,-6.66],[-37.485,-6.71],[-37.407,-6.697],[-37.343,-6.701],[-37.314,-6.689],[-37.264,-6.732],[-37.269,-6.762],[-37.255,-6.811],[-37.235,-6.825],[-37.193,-6.826],[-37.152,-6.798],[-37.128,-6.766],[-37.075,-6.754],[-37.035,-6.734],[-37.004,-6.71],[-36.978,-6.722],[-36.973,-6.758],[-36.959,-6.783],[-36.91,-6.757],[-36.835,-6.731],[-36.773,-6.787],[-36.769,-6.839],[-36.73,-6.836],[-36.76,-6.914],[-36.755,-6.956],[-36.719,-6.983],[-36.687,-6.926],[-36.655,-6.928],[-36.604,-6.93],[-36.568,-6.875],[-36.56,-6.841],[-36.544,-6.842],[-36.51,-6.818],[-36.505,-6.754],[-36.533,-6.733],[-36.559,-6.708],[-36.521,-6.611],[-36.514,-6.594],[-36.438,-6.629],[-36.442,-6.565],[-36.479,-6.54],[-36.481,-6.521],[-36.526,-6.501],[-36.528,-6.479],[-36.531,-6.452],[-36.504,-6.386]]]},"properties":{"uf":"RN"}},
{"type":"Feature","geometry":{"type":"Polygon","coordinates":[[[-37.572,-7.489],[-37.528,-7.465],[-37.522,-7.439],[-37.488,-7.389],[-37.496,-7.365],[-37.432,-7.357],[-37.386,-7.357],[-37.349,-7.335],[-37.357,-7.321],[-37.328,-7.288],[-37.314,-7.289],[-37.261,-7.274],[-37.234,-7.274],[-37.177,-7.31],[-37.168,-7.332],[-37.086,-7.358],[-37.053,-7.379],[-37.026,-7.386],[-37.014,-7.404],[-37.024,-7.434],[-36.985,-7.476],[-37.003,-7.496],[-37.025,-7.497],[-37.026,-7.497],[-37.079,-7.517],[-37.118,-7.534],[-37.164,-7.575],[-37.198,-7.635],[-37.195,-7.652],[-37.161,-7.698],[-37.15,-7.717],[-37.139,-7.745],[-37.152,-7.78],[-37.171,-7.8],[-37.183,-7.791],[-37.217,-7.807],[-37.223,-7.836],[-37.247,-7.847],[-37.244,-7.874],[-37.287,-7.904],[-37.309,-7.934],[-37.35,-7.949],[-37.34,-7.98],[-37.292,-7.965],[-37.22,-7.973],[-37.16,-7.997],[-37.15,-8.024],[-37.158,-8.051],[-37.144,-8.088],[-37.144,-8.125],[-37.159,-8.139],[-37.16,-8.17],[-37.126,-8.174],[-37.123,-8.209],[-37.082,-8.262],[-37.04,-8.266],[-37.021,-8.29],[-36.991,-8.303],[-36.954,-8.299],[-36.947,-8.277],[-36.908,-8.253],[-36.862,-8.222],[-36.788,-8.19],[-36.762,-8.196],[-36.75,-8.176],[-36.687,-8.156],[-36.694,-8.141],[-36.629,-8.111],[-36.654,-8.07],[-36.629,-8.057],[-36.628,-7.986],[-36.612,-7.949],[-36.587,-7.959],[-36.573,-7.936],[-36.572,-7.904],[-36.536,-7.902],[-36.48,-7.925],[-36.446,-7.916],[-36.43,-7.887],[-36.43,-7.827],[-36.399,-7.81],[-36.302,-7.808],[-36.263,-7.832],[-36.24,-7.818],[-36.254,-7.796],[-36.217,-7.764],[-36.183,-7.784],[-36.127,-7.784],[-36.069,-7.781],[-36.022,-7.81],[-36.003,-7.813],[-35.959,-7.787],[-35.943,-7.79],[-35.898,-7.789],[-35.881,-7.766],[-35.882,-7.754],[-35.825,-7.75],[-35.79,-7.74],[-35.736,-7.71],[-35.695,-7.694],[-35.68,-7.704],[-35.631,-7.681],[-35.619,-7.662],[-35.588,-7.65],[-35.56,-7.661],[-35.527,-7.645],[-35.518,-7.604],[-35.537,-7.581],[-35.502,-7.512],[-35.495,-7.484],[-35.45,-7.453],[-35.434,-7.471],[-35.425,-7.474],[-35.363,-7.443],[-35.343,-7.422],[-35.333,-7.415],[-35.28,-7.388],[-35.249,-7.375],[-35.217,-7.381],[-35.191,-7.398],[-35.154,-7.392],[-35.108,-7.405],[-35.07,-7.399],[-34.985,-7.462],[-34.985,-7.5],[-34.961,-7.539],[-34.933,-7.528],[-34.917,-7.542],[-34.854,-7.54],[-34.834,-7.549],[-34.809,-7.509],[-34.814,-7.489],[-34.803,-7.388],[-34.794,-7.333],[-34.806,-7.244],[-34.795,-7.194],[-34.793,-7.155],[-34.821,-7.13],[-34.83,-7.073],[-34.842,-7.056],[-34.859,-7.03],[-34.869,-6.978],[-34.856,-6.961],[-34.866,-6.93],[-34.854,-6.904],[-34.899,-6.866],[-34.925,-6.768],[-34.931,-6.721],[-34.931,-6.688],[-34.953,-6.673],[-34.965,-6.603],[-34.968,-6.487],[-34.992,-6.501],[-35.028,-6.505],[-35.058,-6.528],[-35.095,-6.498],[-35.112,-6.505],[-35.146,-6.553],[-35.194,-6.55],[-35.224,-6.522],[-35.275,-6.544],[-35.341,-6.539],[-35.364,-6.512],[-35.408,-6.49],[-35.442,-6.487],[-35.483,-6.486],[-35.512,-6.477],[-35.565,-6.492],[-35.581,-6.484],[-35.604,-6.459],[-35.637,-6.454],[-35.664,-6.447],[-35.707,-6.469],[-35.773,-6.483],[-35.78,-6.483],[-35.87,-6.489],[-35.944,-6.493],[-35.965,-6.484],[-36.005,-6.481],[-36.017,-6.452],[-36.037,-6.444],[-36.077,-6.406],[-36.096,-6.42],[-36.11,-6.429],[-36.174,-6.431],[-36.226,-6.434],[-36.25,-6.437],[-36.251,-6.404],[-36.292,-6.396],[-36.296,-6.37],[-36.277,-6.34],[-36.279,-6.318],[-36.295,-6.292],[-36.314,-6.283],[-36.344,-6.302],[-36.363,-6.31],[-36.395,-6.294],[-36.433,-6.363],[-36.5,-6.358],[-36.504,-6.386],[-36.531,-6.452],[-36.528,-6.479],[-36.526,-6.501],[-36.481,-6.521],[-36.479,-6.54],[-36.442,-6.565],[-36.438,-6.629],[-36.514,-6.594],[-36.521,-6.611],[-36.559,-6.708],[-36.533,-6.733],[-36.505,-6.754],[-36.51,-6.818],[-36.544,-6.842],[-36.56,-6.841],[-36.568,-6.875],[-36.604,-6.93],[-36.655,-6.928],[-36.687,-6.926],[-36.719,-6.983],[-36.755,-6.956],[-36.76,-6.914],[-36.73,-6.836],[-36.769,-6.839],[-36.773,-6.787],[-36.835,-6.731],[-36.91,-6.757],[-36.959,-6.783],[-36.973,-6.758],[-36.978,-6.722],[-37.004,-6.71],[-37.035,-6.734],[-37.075,-6.754],[-37.128,-6.766],[-37.152,-6.798],[-37.193,-6.826],[-37.235,-6.825],[-37.255,-6.811],[-37.269,-6.762],[-37.264,-6.732],[-37.314,-6.689],[-37.343,-6.701],[-37.407,-6.697],[-37.485,-6.71],[-37.466,-6.66],[-37.48,-6.605],[-37.465,-6.533],[-37.421,-6.533],[-37.396,-6.51],[-37.391,-6.453],[-37.381,-6.437],[-37.396,-6.42],[-37.389,-6.391],[-37.377,-6.344],[-37.363,-6.322],[-37.334,-6.308],[-37.315,-6.278],[-37.273,-6.28],[-37.271,-6.252],[-37.234,-6.213],[-37.202,-6.206],[-37.157,-6.152],[-37.175,-6.142],[-37.174,-6.048],[-37.232,-6.028],[-37.256,-6.028],[-37.272,-6.056],[-37.296,-6.05],[-37.336,-6.067],[-37.354,-6.086],[-37.379,-6.085],[-37.394,-6.109],[-37.446,-6.112],[-37.459,-6.145],[-37.522,-6.152],[-37.54,-6.166],[-37.57,-6.155],[-37.616,-6.176],[-37.673,-6.191],[-37.709,-6.177],[-37.742,-6.189],[-37.777,-6.246],[-37.765,-6.292],[-37.812,-6.293],[-37.843,-6.333],[-37.859,-6.374],[-37.889,-6.37],[-37.89,-6.4],[-37.919,-6.412],[-37.942,-6.424],[-38.008,-6.432],[-38.027,-6.475],[-38.037,-6.457],[-38.071,-6.464],[-38.097,-6.508],[-38.12,-6.522],[-38.145,-6.494],[-38.192,-6.499],[-38.229,-6.483],[-38.256,-6.483],[-38.289,-6.506],[-38.344,-6.457],[-38.372,-6.456],[-38.384,-6.422],[-38.402,-6.41],[-38.448,-6.403],[-38.483,-6.389],[-38.489,-6.362],[-38.458,-6.33],[-38.504,-6.356],[-38.533,-6.342],[-38.562,-6.356],[-38.592,-6.378],[-38.594,-6.397],[-38.551,-6.398],[-38.538,-6.421],[-38.567,-6.452],[-38.57,-6.47],[-38.612,-6.513],[-38.61,-6.532],[-38.607,-6.529],[-38.643,-6.582],[-38.629,-6.605],[-38.649,-6.628],[-38.647,-6.654],[-38.672,-6.706],[-38.652,-6.757],[-38.614,-6.782],[-38.652,-6.812],[-38.672,-6.847],[-38.675,-6.862],[-38.73,-6.897],[-38.765,-6.911],[-38.742,-6.974],[-38.765,-6.994],[-38.691,-7.029],[-38.674,-7.046],[-38.67,-7.048],[-38.677,-7.067],[-38.656,-7.092],[-38.678,-7.133],[-38.682,-7.187],[-38.644,-7.184],[-38.625,-7.191],[-38.62,-7.22],[-38.593,-7.248],[-38.554,-7.252],[-38.535,-7.29],[-38.549,-7.335],[-38.596,-7.416],[-38.585,-7.435],[-38.603,-7.458],[-38.645,-7.46],[-38.631,-7.487],[-38.646,-7.502],[-38.653,-7.553],[-38.683,-7.579],[-38.704,-7.581],[-38.715,-7.622],[-38.687,-7.635],[-38.626,-7.696],[-38.594,-7.754],[-38.497,-7.75],[-38.49,-7.735],[-38.457,-7.718],[-38.434,-7.72],[-38.409,-7.73],[-38.355,-7.678],[-38.327,-7.694],[-38.311,-7.739],[-38.296,-7.775],[-38.293,-7.823],[-38.275,-7.834],[-38.222,-7.82],[-38.164,-7.78],[-38.131,-7.796],[-38.12,-7.819],[-38.077,-7.831],[-38.069,-7.772],[-38.04,-7.748],[-38.001,-7.779],[-37.958,-7.766],[-37.921,-7.713],[-37.903,-7.698],[-37.881,-7.684],[-37.857,-7.652],[-37.81,-7.644],[-37.786,-7.626],[-37.767,-7.657],[-37.753,-7.626],[-37.746,-7.609],[-37.735,-7.597],[-37.656,-7.523],[-37.62,-7.526],[-37.61,-7.508],[-37.572,-7.489]]]},"properties":{"uf":"PB"}},
{"type":"Feature","geometry":{"type":"Polygon","coordinates":[[[-41.149,-8.534],[-41.167,-8.581],[-41.199,-8.592],[-41.213,-8.644],[-41.251,-8.662],[-41.287,-8.661],[-41.3,-8.682],[-41.337,-8.708],[-41.358,-8.708],[-41.334,-8.728],[-41.278,-8.735],[-41.225,-8.705],[-41.176,-8.711],[-41.131,-8.704],[-41.129,-8.743],[-41.103,-8.78],[-41.036,-8.786],[-41.021,-8.844],[-40.979,-8.823],[-40.959,-8.842],[-40.921,-8.835],[-40.896,-8.871],[-40.881,-8.916],[-40.851,-8.954],[-40.852,-8.98],[-40.834,-9.01],[-40.821,-9.08],[-40.804,-9.098],[-40.775,-9.101],[-40.758,-9.119],[-40.71,-9.141],[-40.685,-9.138],[-40.667,-9.159],[-40.67,-9.186],[-40.693,-9.231],[-40.68,-9.259],[-40.687,-9.278],[-40.72,-9.306],[-40.739,-9.297],[-40.756,-9.315],[-40.737,-9.337],[-40.746,-9.371],[-40.743,-9.403],[-40.765,-9.416],[-40.767,-9.445],[-40.715,-9.449],[-40.681,-9.467],[-40.623,-9.483],[-40.556,-9.458],[-40.542,-9.426],[-40.511,-9.407],[-40.468,-9.421],[-40.439,-9.368],[-40.418,-9.352],[-40.391,-9.372],[-40.356,-9.377],[-40.334,-9.35],[-40.337,-9.335],[-40.309,-9.275],[-40.286,-9.186],[-40.293,-9.147],[-40.273,-9.082],[-40.239,-9.054],[-40.209,-9.064],[-40.16,-9.108],[-40.13,-9.11],[-40.077,-9.078],[-40.066,-9.063],[-40.005,-9.06],[-39.978,-9.055],[-39.955,-9.046],[-39.889,-8.966],[-39.874,-8.937],[-39.879,-8.902],[-39.901,-8.864],[-39.893,-8.829],[-39.82,-8.813],[-39.789,-8.819],[-39.748,-8.794],[-39.695,-8.8],[-39.673,-8.785],[-39.674,-8.745],[-39.693,-8.68],[-39.689,-8.661],[-39.646,-8.66],[-39.614,-8.657],[-39.569,-8.637],[-39.519,-8.604],[-39.476,-8.593],[-39.452,-8.563],[-39.416,-8.542],[-39.38,-8.533],[-39.357,-8.547],[-39.345,-8.558],[-39.286,-8.564],[-39.273,-8.584],[-39.263,-8.615],[-39.248,-8.625],[-39.245,-8.684],[-39.234,-8.705],[-39.201,-8.711],[-39.167,-8.692],[-39.144,-8.712],[-39.064,-8.732],[-39.033,-8.736],[-38.999,-8.761],[-38.977,-8.793],[-38.952,-8.804],[-38.928,-8.796],[-38.855,-8.784],[-38.807,-8.788],[-38.74,-8.845],[-38.706,-8.862],[-38.694,-8.919],[-38.674,-8.972],[-38.635,-8.987],[-38.61,-8.957],[-38.608,-8.893],[-38.57,-8.83],[-38.552,-8.823],[-38.512,-8.831],[-38.47,-8.866],[-38.479,-8.902],[-38.511,-8.925],[-38.514,-8.96],[-38.503,-8.981],[-38.449,-9.026],[-38.403,-9.037],[-38.362,-9.001],[-38.323,-8.99],[-38.29,-9.036],[-38.326,-9.081],[-38.306,-9.102],[-38.321,-9.117],[-38.313,-9.148],[-38.289,-9.172],[-38.287,-9.217],[-38.25,-9.29],[-38.238,-9.33],[-38.203,-9.297],[-38.18,-9.291],[-38.156,-9.25],[-38.144,-9.218],[-38.092,-9.173],[-38.066,-9.174],[-38.012,-9.156],[-37.979,-9.148],[-37.952,-9.097],[-37.853,-9],[-37.826,-8.933],[-37.826,-8.889],[-37.755,-8.846],[-37.741,-8.876],[-37.699,-8.936],[-37.658,-8.993],[-37.629,-9],[-37.596,-8.969],[-37.525,-8.963],[-37.519,-8.968],[-37.468,-8.999],[-37.416,-9.007],[-37.396,-9.028],[-37.359,-9.054],[-37.328,-9.093],[-37.297,-9.121],[-37.278,-9.152],[-37.247,-9.179],[-37.229,-9.227],[-37.198,-9.215],[-37.16,-9.238],[-37.169,-9.266],[-37.13,-9.26],[-37.116,-9.241],[-37.091,-9.246],[-37.057,-9.282],[-37.058,-9.317],[-37.055,-9.307],[-37.024,-9.316],[-37.003,-9.353],[-36.98,-9.359],[-36.955,-9.381],[-36.937,-9.377],[-36.937,-9.35],[-36.914,-9.296],[-36.88,-9.276],[-36.867,-9.268],[-36.836,-9.289],[-36.797,-9.28],[-36.762,-9.271],[-36.7,-9.293],[-36.67,-9.313],[-36.645,-9.314],[-36.625,-9.332],[-36.607,-9.341],[-36.567,-9.331],[-36.572,-9.293],[-36.5,-9.263],[-36.487,-9.24],[-36.462,-9.239],[-36.432,-9.212],[-36.403,-9.223],[-36.356,-9.218],[-36.321,-9.185],[-36.291,-9.174],[-36.265,-9.166],[-36.257,-9.14],[-36.267,-9.102],[-36.241,-9.099],[-36.21,-9.073],[-36.196,-9.045],[-36.152,-9.043],[-36.121,-9.028],[-36.111,-9.018],[-36.104,-8.999],[-36.128,-8.977],[-36.128,-8.958],[-36.082,-8.941],[-36.064,-8.915],[-36.033,-8.908],[-35.988,-8.904],[-35.951,-8.892],[-35.924,-8.885],[-35.911,-8.861],[-35.861,-8.859],[-35.845,-8.872],[-35.827,-8.87],[-35.795,-8.848],[-35.776,-8.864],[-35.783,-8.897],[-35.748,-8.917],[-35.723,-8.909],[-35.671,-8.897],[-35.652,-8.882],[-35.632,-8.881],[-35.582,-8.846],[-35.57,-8.843],[-35.54,-8.821],[-35.496,-8.828],[-35.471,-8.816],[-35.459,-8.839],[-35.409,-8.838],[-35.351,-8.861],[-35.253,-8.887],[-35.235,-8.883],[-35.171,-8.891],[-35.153,-8.914],[-35.13,-8.862],[-35.134,-8.843],[-35.118,-8.802],[-35.103,-8.785],[-35.086,-8.747],[-35.079,-8.704],[-35.088,-8.691],[-35.048,-8.609],[-35.034,-8.572],[-35.007,-8.562],[-35.007,-8.524],[-34.995,-8.475],[-34.961,-8.396],[-34.961,-8.367],[-34.943,-8.305],[-34.952,-8.298],[-34.929,-8.225],[-34.918,-8.212],[-34.909,-8.155],[-34.86,-8.044],[-34.842,-8.012],[-34.828,-7.959],[-34.82,-7.926],[-34.824,-7.884],[-34.841,-7.845],[-34.845,-7.816],[-34.823,-7.752],[-34.832,-7.7],[-34.848,-7.688],[-34.835,-7.684],[-34.809,-7.63],[-34.831,-7.576],[-34.834,-7.549],[-34.854,-7.54],[-34.917,-7.542],[-34.933,-7.528],[-34.961,-7.539],[-34.985,-7.5],[-34.985,-7.462],[-35.07,-7.399],[-35.108,-7.405],[-35.154,-7.392],[-35.191,-7.398],[-35.217,-7.381],[-35.249,-7.375],[-35.28,-7.388],[-35.333,-7.415],[-35.343,-7.422],[-35.363,-7.443],[-35.425,-7.474],[-35.434,-7.471],[-35.45,-7.453],[-35.495,-7.484],[-35.502,-7.512],[-35.537,-7.581],[-35.518,-7.604],[-35.527,-7.645],[-35.56,-7.661],[-35.588,-7.65],[-35.619,-7.662],[-35.631,-7.681],[-35.68,-7.704],[-35.695,-7.694],[-35.736,-7.71],[-35.79,-7.74],[-35.825,-7.75],[-35.882,-7.754],[-35.881,-7.766],[-35.898,-7.789],[-35.943,-7.79],[-35.959,-7.787],[-36.003,-7.813],[-36.022,-7.81],[-36.069,-7.781],[-36.127,-7.784],[-36.183,-7.784],[-36.217,-7.764],[-36.254,-7.796],[-36.24,-7.818],[-36.263,-7.832],[-36.302,-7.808],[-36.399,-7.81],[-36.43,-7.827],[-36.43,-7.887],[-36.446,-7.916],[-36.48,-7.925],[-36.536,-7.902],[-36.572,-7.904],[-36.573,-7.936],[-36.587,-7.959],[-36.612,-7.949],[-36.628,-7.986],[-36.629,-8.057],[-36.654,-8.07],[-36.629,-8.111],[-36.694,-8.141],[-36.687,-8.156],[-36.75,-8.176],[-36.762,-8.196],[-36.788,-8.19],[-36.862,-8.222],[-36.908,-8.253],[-36.947,-8.277],[-36.954,-8.299],[-36.991,-8.303],[-37.021,-8.29],[-37.04,-8.266],[-37.082,-8.262],[-37.123,-8.209],[-37.126,-8.174],[-37.16,-8.17],[-37.159,-8.139],[-37.144,-8.125],[-37.144,-8.088],[-37.158,-8.051],[-37.15,-8.024],[-37.16,-7.997],[-37.22,-7.973],[-37.292,-7.965],[-37.34,-7.98],[-37.35,-7.949],[-37.309,-7.934],[-37.287,-7.904],[-37.244,-7.874],[-37.247,-7.847],[-37.223,-7.836],[-37.217,-7.807],[-37.183,-7.791],[-37.171,-7.8],[-37.152,-7.78],[-37.139,-7.745],[-37.15,-7.717],[-37.161,-7.698],[-37.195,-7.652],[-37.198,-7.635],[-37.164,-7.575],[-37.118,-7.534],[-37.079,-7.517],[-37.026,-7.497],[-37.025,-7.497],[-37.003,-7.496],[-36.985,-7.476],[-37.024,-7.434],[-37.014,-7.404],[-37.026,-7.386],[-37.053,-7.379],[-37.086,-7.358],[-37.168,-7.332],[-37.177,-7.31],[-37.234,-7.274],[-37.261,-7.274],[-37.314,-7.289],[-37.328,-7.288],[-37.357,-7.321],[-37.349,-7.335],[-37.386,-7.357],[-37.432,-7.357],[-37.496,-7.365],[-37.488,-7.389],[-37.522,-7.439],[-37.528,-7.465],[-37.572,-7.489],[-37.61,-7.508],[-37.62,-7.526],[-37.656,-7.523],[-37.735,-7.597],[-37.746,-7.609],[-37.753,-7.626],[-37.767,-7.657],[-37.786,-7.626],[-37.81,-7.644],[-37.857,-7.652],[-37.881,-7.684],[-37.903,-7.698],[-37.921,-7.713],[-37.958,-7.766],[-38.001,-7.779],[-38.04,-7.748],[-38.069,-7.772],[-38.077,-7.831],[-38.12,-7.819],[-38.131,-7.796],[-38.164,-7.78],[-38.222,-7.82],[-38.275,-7.834],[-38.293,-7.823],[-38.296,-7.775],[-38.311,-7.739],[-38.327,-7.694],[-38.355,-7.678],[-38.409,-7.73],[-38.434,-7.72],[-38.457,-7.718],[-38.49,-7.735],[-38.497,-7.75],[-38.594,-7.754],[-38.626,-7.696],[-38.687,-7.635],[-38.715,-7.622],[-38.718,-7.627],[-38.743,-7.66],[-38.761,-7.656],[-38.824,-7.678],[-38.815,-7.697],[-38.828,-7.72],[-38.87,-7.711],[-38.881,-7.747],[-38.895,-7.75],[-38.94,-7.759],[-38.94,-7.792],[-38.962,-7.844],[-38.966,-7.846],[-39.005,-7.834],[-39.018,-7.813],[-39.054,-7.819],[-39.068,-7.842],[-39.088,-7.833],[-39.103,-7.771],[-39.147,-7.718],[-39.171,-7.715],[-39.208,-7.689],[-39.253,-7.705],[-39.266,-7.665],[-39.307,-7.665],[-39.37,-7.619],[-39.392,-7.608],[-39.421,-7.603],[-39.445,-7.572],[-39.448,-7.572],[-39.473,-7.573],[-39.485,-7.533],[-39.456,-7.502],[-39.461,-7.471],[-39.502,-7.464],[-39.546,-7.484],[-39.572,-7.43],[-39.599,-7.429],[-39.627,-7.427],[-39.646,-7.381],[-39.706,-7.338],[-39.741,-7.327],[-39.829,-7.332],[-39.858,-7.325],[-39.89,-7.34],[-39.905,-7.338],[-39.926,-7.341],[-40.001,-7.374],[-40.045,-7.381],[-40.128,-7.382],[-40.157,-7.371],[-40.196,-7.358],[-40.242,-7.318],[-40.263,-7.301],[-40.311,-7.301],[-40.345,-7.329],[-40.361,-7.356],[-40.394,-7.368],[-40.434,-7.367],[-40.524,-7.318],[-40.541,-7.332],[-40.548,-7.393],[-40.652,-7.433],[-40.663,-7.449],[-40.701,-7.456],[-40.715,-7.481],[-40.704,-7.519],[-40.681,-7.558],[-40.646,-7.595],[-40.622,-7.658],[-40.636,-7.7],[-40.667,-7.726],[-40.674,-7.762],[-40.645,-7.787],[-40.578,-7.805],[-40.555,-7.818],[-40.538,-7.857],[-40.544,-7.962],[-40.561,-7.997],[-40.576,-8.03],[-40.604,-8.104],[-40.589,-8.138],[-40.605,-8.15],[-40.633,-8.139],[-40.645,-8.158],[-40.701,-8.203],[-40.711,-8.225],[-40.764,-8.244],[-40.784,-8.262],[-40.78,-8.296],[-40.793,-8.32],[-40.818,-8.32],[-40.819,-8.361],[-40.837,-8.381],[-40.862,-8.371],[-40.908,-8.401],[-40.902,-8.423],[-40.927,-8.446],[-40.978,-8.399],[-41.007,-8.421],[-41.039,-8.432],[-41.058,-8.478],[-41.076,-8.472],[-41.09,-8.513],[-41.127,-8.542],[-41.149,-8.534]]]},"properties":{"uf":"PE"}},
{"type":"Feature","geometry":{"type":"Polygon","coordinates":[[[-38.012,-9.156],[-38.066,-9.174],[-38.092,-9.173],[-38.144,-9.218],[-38.156,-9.25],[-38.18,-9.291],[-38.203,-9.297],[-38.238,-9.33],[-38.215,-9.353],[-38.194,-9.394],[-38.203,-9.42],[-38.155,-9.443],[-38.113,-9.436],[-38.078,-9.441],[-38.069,-9.456],[-38.022,-9.47],[-37.998,-9.499],[-38.003,-9.515],[-37.989,-9.527],[-37.917,-9.549],[-37.894,-9.539],[-37.842,-9.579],[-37.818,-9.593],[-37.786,-9.639],[-37.747,-9.625],[-37.71,-9.63],[-37.666,-9.666],[-37.66,-9.678],[-37.654,-9.686],[-37.572,-9.739],[-37.466,-9.748],[-37.408,-9.764],[-37.394,-9.779],[-37.347,-9.791],[-37.326,-9.817],[-37.296,-9.831],[-37.261,-9.851],[-37.245,-9.892],[-37.226,-9.898],[-37.162,-9.894],[-37.134,-9.914],[-37.086,-9.952],[-37.065,-9.981],[-37.033,-9.988],[-36.996,-9.972],[-36.962,-9.996],[-36.953,-10.023],[-36.948,-10.07],[-36.947,-10.075],[-36.918,-10.125],[-36.883,-10.147],[-36.85,-10.178],[-36.845,-10.189],[-36.826,-10.211],[-36.791,-10.227],[-36.749,-10.228],[-36.72,-10.265],[-36.702,-10.27],[-36.684,-10.271],[-36.632,-10.252],[-36.587,-10.301],[-36.572,-10.316],[-36.557,-10.377],[-36.562,-10.416],[-36.535,-10.43],[-36.489,-10.424],[-36.487,-10.423],[-36.463,-10.408],[-36.431,-10.43],[-36.396,-10.497],[-36.388,-10.499],[-36.319,-10.381],[-36.301,-10.345],[-36.299,-10.314],[-36.26,-10.264],[-36.185,-10.198],[-36.168,-10.172],[-36.134,-10.16],[-36.092,-10.098],[-36.045,-10.074],[-36.031,-10.051],[-35.963,-9.941],[-35.938,-9.902],[-35.906,-9.874],[-35.905,-9.856],[-35.855,-9.788],[-35.814,-9.731],[-35.79,-9.711],[-35.761,-9.683],[-35.708,-9.665],[-35.691,-9.62],[-35.651,-9.568],[-35.591,-9.529],[-35.587,-9.512],[-35.558,-9.487],[-35.525,-9.443],[-35.501,-9.423],[-35.492,-9.383],[-35.472,-9.358],[-35.396,-9.301],[-35.387,-9.286],[-35.339,-9.231],[-35.295,-9.171],[-35.295,-9.155],[-35.271,-9.123],[-35.241,-9.065],[-35.217,-9.008],[-35.182,-8.978],[-35.153,-8.914],[-35.171,-8.891],[-35.235,-8.883],[-35.253,-8.887],[-35.351,-8.861],[-35.409,-8.838],[-35.459,-8.839],[-35.471,-8.816],[-35.496,-8.828],[-35.54,-8.821],[-35.57,-8.843],[-35.582,-8.846],[-35.632,-8.881],[-35.652,-8.882],[-35.671,-8.897],[-35.723,-8.909],[-35.748,-8.917],[-35.783,-8.897],[-35.776,-8.864],[-35.795,-8.848],[-35.827,-8.87],[-35.845,-8.872],[-35.861,-8.859],[-35.911,-8.861],[-35.924,-8.885],[-35.951,-8.892],[-35.988,-8.904],[-36.033,-8.908],[-36.064,-8.915],[-36.082,-8.941],[-36.128,-8.958],[-36.128,-8.977],[-36.104,-8.999],[-36.111,-9.018],[-36.121,-9.028],[-36.152,-9.043],[-36.196,-9.045],[-36.21,-9.073],[-36.241,-9.099],[-36.267,-9.102],[-36.257,-9.14],[-36.265,-9.166],[-36.291,-9.174],[-36.321,-9.185],[-36.356,-9.218],[-36.403,-9.223],[-36.432,-9.212],[-36.462,-9.239],[-36.487,-9.24],[-36.5,-9.263],[-36.572,-9.293],[-36.567,-9.331],[-36.607,-9.341],[-36.625,-9.332],[-36.645,-9.314],[-36.67,-9.313],[-36.7,-9.293],[-36.762,-9.271],[-36.797,-9.28],[-36.836,-9.289],[-36.867,-9.268],[-36.88,-9.276],[-36.914,-9.296],[-36.937,-9.35],[-36.937,-9.377],[-36.955,-9.381],[-36.98,-9.359],[-37.003,-9.353],[-37.024,-9.316],[-37.055,-9.307],[-37.058,-9.317],[-37.057,-9.282],[-37.091,-9.246],[-37.116,-9.241],[-37.13,-9.26],[-37.169,-9.266],[-37.16,-9.238],[-37.198,-9.215],[-37.229,-9.227],[-37.247,-9.179],[-37.278,-9.152],[-37.297,-9.121],[-37.328,-9.093],[-37.359,-9.054],[-37.396,-9.028],[-37.416,-9.007],[-37.468,-8.999],[-37.519,-8.968],[-37.525,-8.963],[-37.596,-8.969],[-37.629,-9],[-37.658,-8.993],[-37.699,-8.936],[-37.741,-8.876],[-37.755,-8.846],[-37.826,-8.889],[-37.826,-8.933],[-37.853,-9],[-37.952,-9.097],[-37.979,-9.148],[-38.012,-9.156]]]},"properties":{"uf":"AL"}},
{"type":"Feature","geometry":{"type":"Polygon","coordinates":[[[-36.918,-10.125],[-36.947,-10.075],[-36.948,-10.07],[-36.953,-10.023],[-36.962,-9.996],[-36.996,-9.972],[-37.033,-9.988],[-37.065,-9.981],[-37.086,-9.952],[-37.134,-9.914],[-37.162,-9.894],[-37.226,-9.898],[-37.245,-9.892],[-37.261,-9.851],[-37.296,-9.831],[-37.326,-9.817],[-37.347,-9.791],[-37.394,-9.779],[-37.408,-9.764],[-37.466,-9.748],[-37.572,-9.739],[-37.654,-9.686],[-37.66,-9.678],[-37.666,-9.666],[-37.71,-9.63],[-37.747,-9.625],[-37.786,-9.639],[-37.818,-9.593],[-37.842,-9.579],[-37.894,-9.539],[-37.917,-9.549],[-37.989,-9.527],[-38.003,-9.515],[-38.023,-9.54],[-38.021,-9.562],[-38.061,-9.588],[-38.051,-9.622],[-38.02,-9.637],[-38.045,-9.698],[-38.033,-9.77],[-38.001,-9.816],[-37.995,-9.846],[-38.007,-9.869],[-38.003,-9.905],[-37.975,-9.937],[-37.945,-9.943],[-37.902,-9.919],[-37.909,-9.94],[-37.833,-10.019],[-37.791,-10.033],[-37.783,-10.044],[-37.802,-10.113],[-37.774,-10.145],[-37.783,-10.179],[-37.766,-10.196],[-37.747,-10.238],[-37.75,-10.289],[-37.769,-10.289],[-37.745,-10.314],[-37.743,-10.338],[-37.786,-10.348],[-37.799,-10.363],[-37.839,-10.381],[-37.853,-10.406],[-37.848,-10.443],[-37.821,-10.483],[-37.815,-10.517],[-37.829,-10.54],[-37.831,-10.585],[-37.806,-10.6],[-37.804,-10.651],[-37.847,-10.699],[-37.91,-10.715],[-37.945,-10.756],[-37.972,-10.757],[-38.026,-10.725],[-38.042,-10.701],[-38.068,-10.716],[-38.145,-10.718],[-38.177,-10.706],[-38.205,-10.711],[-38.216,-10.727],[-38.209,-10.758],[-38.238,-10.8],[-38.232,-10.84],[-38.236,-10.882],[-38.228,-10.914],[-38.21,-10.931],[-38.181,-10.943],[-38.186,-10.961],[-38.169,-10.99],[-38.102,-11.017],[-38.102,-11.044],[-38.075,-11.077],[-38.089,-11.116],[-38.047,-11.182],[-38.023,-11.178],[-37.981,-11.199],[-37.977,-11.221],[-37.994,-11.24],[-37.987,-11.271],[-38.006,-11.286],[-37.992,-11.313],[-37.994,-11.343],[-37.982,-11.348],[-37.968,-11.389],[-37.936,-11.422],[-37.917,-11.403],[-37.898,-11.438],[-37.87,-11.435],[-37.853,-11.467],[-37.833,-11.482],[-37.809,-11.496],[-37.8,-11.521],[-37.759,-11.525],[-37.729,-11.552],[-37.682,-11.562],[-37.662,-11.536],[-37.632,-11.518],[-37.603,-11.54],[-37.52,-11.549],[-37.505,-11.525],[-37.458,-11.524],[-37.432,-11.511],[-37.368,-11.459],[-37.341,-11.442],[-37.312,-11.423],[-37.3,-11.364],[-37.26,-11.29],[-37.207,-11.223],[-37.166,-11.182],[-37.154,-11.162],[-37.126,-11.103],[-37.058,-11.006],[-37.035,-10.98],[-37.035,-10.957],[-36.953,-10.851],[-36.853,-10.744],[-36.784,-10.688],[-36.735,-10.658],[-36.673,-10.631],[-36.613,-10.588],[-36.486,-10.536],[-36.409,-10.513],[-36.396,-10.497],[-36.431,-10.43],[-36.463,-10.408],[-36.487,-10.423],[-36.489,-10.424],[-36.535,-10.43],[-36.562,-10.416],[-36.557,-10.377],[-36.572,-10.316],[-36.587,-10.301],[-36.632,-10.252],[-36.684,-10.271],[-36.702,-10.27],[-36.72,-10.265],[-36.749,-10.228],[-36.791,-10.227],[-36.826,-10.211],[-36.845,-10.189],[-36.85,-10.178],[-36.883,-10.147],[-36.918,-10.125]]]},"properties":{"uf":"SE"}},
{"type":"Feature","geometry":{"type":"Polygon","coordinates":[[[-39.273,-8.584],[-39.286,-8.564],[-39.345,-8.558],[-39.357,-8.547],[-39.38,-8.533],[-39.416,-8.542],[-39.452,-8.563],[-39.476,-8.593],[-39.519,-8.604],[-39.569,-8.637],[-39.614,-8.657],[-39.646,-8.66],[-39.689,-8.661],[-39.693,-8.68],[-39.674,-8.745],[-39.673,-8.785],[-39.695,-8.8],[-39.748,-8.794],[-39.789,-8.819],[-39.82,-8.813],[-39.893,-8.829],[-39.901,-8.864],[-39.879,-8.902],[-39.874,-8.937],[-39.889,-8.966],[-39.955,-9.046],[-39.978,-9.055],[-40.005,-9.06],[-40.066,-9.063],[-40.077,-9.078],[-40.13,-9.11],[-40.16,-9.108],[-40.209,-9.064],[-40.239,-9.054],[-40.273,-9.082],[-40.293,-9.147],[-40.286,-9.186],[-40.309,-9.275],[-40.337,-9.335],[-40.334,-9.35],[-40.356,-9.377],[-40.391,-9.372],[-40.418,-9.352],[-40.439,-9.368],[-40.468,-9.421],[-40.511,-9.407],[-40.542,-9.426],[-40.556,-9.458],[-40.623,-9.483],[-40.681,-9.467],[-40.715,-9.449],[-40.767,-9.445],[-40.765,-9.416],[-40.743,-9.403],[-40.746,-9.371],[-40.737,-9.337],[-40.756,-9.315],[-40.739,-9.297],[-40.72,-9.306],[-40.687,-9.278],[-40.68,-9.259],[-40.693,-9.231],[-40.67,-9.186],[-40.667,-9.159],[-40.685,-9.138],[-40.71,-9.141],[-40.758,-9.119],[-40.775,-9.101],[-40.804,-9.098],[-40.821,-9.08],[-40.834,-9.01],[-40.852,-8.98],[-40.851,-8.954],[-40.881,-8.916],[-40.896,-8.871],[-40.921,-8.835],[-40.959,-8.842],[-40.979,-8.823],[-41.021,-8.844],[-41.036,-8.786],[-41.103,-8.78],[-41.129,-8.743],[-41.131,-8.704],[-41.176,-8.711],[-41.225,-8.705],[-41.278,-8.735],[-41.334,-8.728],[-41.358,-8.708],[-41.381,-8.707],[-41.411,-8.774],[-41.472,-8.843],[-41.488,-8.844],[-41.541,-8.934],[-41.546,-8.962],[-41.606,-8.957],[-41.633,-8.986],[-41.669,-8.99],[-41.689,-9.014],[-41.724,-9.013],[-41.731,-9.028],[-41.733,-9.088],[-41.743,-9.104],[-41.8,-9.148],[-41.838,-9.242],[-41.855,-9.241],[-41.87,-9.237],[-41.922,-9.279],[-41.972,-9.249],[-42,-9.266],[-42.019,-9.25],[-42.069,-9.257],[-42.095,-9.279],[-42.134,-9.287],[-42.179,-9.285],[-42.206,-9.293],[-42.226,-9.283],[-42.269,-9.31],[-42.316,-9.317],[-42.357,-9.353],[-42.365,-9.382],[-42.418,-9.409],[-42.428,-9.44],[-42.449,-9.461],[-42.481,-9.459],[-42.493,-9.495],[-42.515,-9.502],[-42.59,-9.498],[-42.603,-9.517],[-42.62,-9.539],[-42.69,-9.546],[-42.716,-9.554],[-42.758,-9.589],[-42.77,-9.619],[-42.821,-9.619],[-42.828,-9.56],[-42.851,-9.551],[-42.877,-9.562],[-42.904,-9.527],[-42.944,-9.521],[-42.959,-9.48],[-42.959,-9.428],[-42.988,-9.401],[-43.04,-9.415],[-43.059,-9.397],[-43.074,-9.4],[-43.122,-9.373],[-43.161,-9.379],[-43.173,-9.41],[-43.194,-9.421],[-43.219,-9.401],[-43.285,-9.42],[-43.293,-9.401],[-43.336,-9.368],[-43.376,-9.349],[-43.395,-9.314],[-43.438,-9.266],[-43.469,-9.261],[-43.497,-9.272],[-43.541,-9.308],[-43.579,-9.32],[-43.606,-9.352],[-43.622,-9.371],[-43.689,-9.42],[-43.751,-9.434],[-43.782,-9.453],[-43.786,-9.458],[-43.838,-9.525],[-43.853,-9.562],[-43.841,-9.586],[-43.842,-9.637],[-43.828,-9.647],[-43.794,-9.705],[-43.798,-9.728],[-43.785,-9.762],[-43.665,-9.824],[-43.652,-9.844],[-43.677,-9.886],[-43.709,-9.913],[-43.69,-9.942],[-43.697,-9.974],[-43.665,-9.991],[-43.669,-10.031],[-43.693,-10.059],[-43.699,-10.078],[-43.759,-10.075],[-43.773,-10.099],[-43.766,-10.121],[-43.785,-10.192],[-43.837,-10.25],[-43.837,-10.302],[-43.895,-10.354],[-43.916,-10.393],[-43.914,-10.418],[-43.937,-10.436],[-43.977,-10.431],[-43.99,-10.418],[-44.028,-10.412],[-44.036,-10.445],[-44.026,-10.475],[-44.051,-10.506],[-44.072,-10.58],[-44.083,-10.589],[-44.111,-10.597],[-44.139,-10.64],[-44.165,-10.643],[-44.218,-10.615],[-44.245,-10.628],[-44.267,-10.623],[-44.314,-10.557],[-44.344,-10.55],[-44.392,-10.601],[-44.428,-10.612],[-44.452,-10.607],[-44.473,-10.635],[-44.5,-10.65],[-44.527,-10.647],[-44.547,-10.63],[-44.578,-10.627],[-44.627,-10.676],[-44.669,-10.687],[-44.661,-10.73],[-44.667,-10.759],[-44.715,-10.762],[-44.788,-10.808],[-44.81,-10.847],[-44.808,-10.866],[-44.847,-10.901],[-44.864,-10.885],[-44.931,-10.929],[-44.945,-10.919],[-44.973,-10.892],[-45.017,-10.885],[-45.051,-10.851],[-45.082,-10.839],[-45.205,-10.833],[-45.219,-10.817],[-45.246,-10.822],[-45.268,-10.776],[-45.33,-10.756],[-45.358,-10.732],[-45.369,-10.68],[-45.385,-10.652],[-45.414,-10.645],[-45.437,-10.616],[-45.446,-10.562],[-45.439,-10.522],[-45.447,-10.509],[-45.4,-10.463],[-45.396,-10.445],[-45.429,-10.414],[-45.43,-10.359],[-45.491,-10.301],[-45.522,-10.277],[-45.523,-10.244],[-45.557,-10.217],[-45.572,-10.181],[-45.567,-10.139],[-45.603,-10.108],[-45.647,-10.127],[-45.69,-10.155],[-45.723,-10.155],[-45.702,-10.179],[-45.699,-10.259],[-45.727,-10.312],[-45.798,-10.323],[-45.82,-10.456],[-45.871,-10.503],[-45.929,-10.522],[-45.975,-10.552],[-46.061,-10.6],[-46.128,-10.621],[-46.161,-10.659],[-46.15,-10.692],[-46.165,-10.722],[-46.193,-10.743],[-46.206,-10.798],[-46.226,-10.783],[-46.26,-10.812],[-46.267,-10.935],[-46.342,-10.939],[-46.466,-11.134],[-46.553,-11.265],[-46.576,-11.342],[-46.56,-11.372],[-46.531,-11.377],[-46.524,-11.464],[-46.439,-11.521],[-46.35,-11.506],[-46.25,-11.537],[-46.209,-11.585],[-46.113,-11.606],[-46.081,-11.624],[-46.144,-11.624],[-46.155,-11.65],[-46.199,-11.648],[-46.226,-11.636],[-46.244,-11.605],[-46.341,-11.61],[-46.385,-11.627],[-46.338,-11.642],[-46.328,-11.676],[-46.308,-11.687],[-46.342,-11.737],[-46.377,-11.749],[-46.374,-11.768],[-46.338,-11.794],[-46.338,-11.813],[-46.373,-11.832],[-46.38,-11.867],[-46.307,-11.914],[-46.258,-11.912],[-46.248,-11.919],[-46.19,-11.903],[-46.193,-11.921],[-46.233,-11.936],[-46.297,-11.938],[-46.336,-11.954],[-46.364,-11.991],[-46.422,-12.029],[-46.455,-12.03],[-46.451,-12.054],[-46.389,-12.049],[-46.388,-12.076],[-46.371,-12.1],[-46.372,-12.123],[-46.392,-12.171],[-46.381,-12.181],[-46.37,-12.232],[-46.388,-12.249],[-46.371,-12.271],[-46.385,-12.294],[-46.349,-12.299],[-46.37,-12.347],[-46.345,-12.366],[-46.3,-12.364],[-46.297,-12.381],[-46.323,-12.406],[-46.331,-12.441],[-46.29,-12.417],[-46.27,-12.432],[-46.28,-12.454],[-46.261,-12.474],[-46.266,-12.499],[-46.198,-12.504],[-46.225,-12.528],[-46.27,-12.551],[-46.276,-12.594],[-46.307,-12.637],[-46.268,-12.651],[-46.268,-12.666],[-46.302,-12.685],[-46.292,-12.708],[-46.268,-12.716],[-46.282,-12.764],[-46.31,-12.795],[-46.274,-12.816],[-46.275,-12.84],[-46.3,-12.857],[-46.291,-12.9],[-46.312,-12.91],[-46.308,-12.942],[-46.288,-12.952],[-46.265,-12.94],[-46.221,-12.95],[-46.167,-12.928],[-46.144,-12.931],[-46.113,-12.918],[-46.125,-12.96],[-46.194,-12.997],[-46.275,-13.02],[-46.299,-13.064],[-46.329,-13.1],[-46.3,-13.128],[-46.302,-13.191],[-46.328,-13.253],[-46.305,-13.252],[-46.3,-13.283],[-46.318,-13.305],[-46.292,-13.317],[-46.22,-13.296],[-46.175,-13.277],[-46.103,-13.257],[-46.068,-13.295],[-46.073,-13.311],[-46.135,-13.375],[-46.159,-13.381],[-46.192,-13.41],[-46.232,-13.419],[-46.209,-13.466],[-46.233,-13.482],[-46.225,-13.505],[-46.247,-13.522],[-46.232,-13.583],[-46.2,-13.572],[-46.163,-13.604],[-46.216,-13.636],[-46.256,-13.684],[-46.236,-13.708],[-46.254,-13.735],[-46.223,-13.765],[-46.277,-13.791],[-46.232,-13.849],[-46.257,-13.887],[-46.264,-13.947],[-46.254,-13.967],[-46.22,-13.975],[-46.212,-14.01],[-46.227,-14.049],[-46.221,-14.107],[-46.187,-14.153],[-46.116,-14.162],[-46.098,-14.197],[-46.061,-14.195],[-46.06,-14.232],[-46.03,-14.259],[-45.995,-14.256],[-45.964,-14.284],[-45.957,-14.321],[-45.942,-14.343],[-45.907,-14.355],[-45.932,-14.409],[-46,-14.447],[-46.019,-14.472],[-45.996,-14.488],[-46.004,-14.515],[-45.981,-14.532],[-45.998,-14.604],[-45.985,-14.619],[-45.992,-14.662],[-46.021,-14.67],[-46.025,-14.678],[-46.005,-14.689],[-45.997,-14.741],[-46.003,-14.796],[-46.041,-14.826],[-46.025,-14.856],[-46.039,-14.875],[-46.038,-14.875],[-46.004,-14.902],[-45.996,-14.927],[-45.966,-14.966],[-45.975,-15.037],[-46.018,-15.081],[-46.028,-15.114],[-46.044,-15.118],[-46.048,-15.164],[-46.079,-15.175],[-46.116,-15.205],[-46.099,-15.217],[-46.097,-15.243],[-46.058,-15.263],[-46.029,-15.202],[-45.984,-15.196],[-45.961,-15.144],[-45.919,-15.133],[-45.872,-15.159],[-45.834,-15.137],[-45.812,-15.113],[-45.74,-15.12],[-45.673,-15.078],[-45.65,-15.024],[-45.617,-15.014],[-45.594,-14.978],[-45.536,-14.938],[-45.49,-14.961],[-45.455,-14.949],[-45.435,-14.923],[-45.41,-14.923],[-45.369,-14.89],[-45.364,-14.872],[-45.322,-14.852],[-45.306,-14.834],[-45.243,-14.786],[-45.206,-14.745],[-45.166,-14.735],[-45.096,-14.753],[-45.065,-14.731],[-45.048,-14.69],[-45.032,-14.676],[-44.996,-14.668],[-44.981,-14.646],[-44.917,-14.62],[-44.869,-14.593],[-44.83,-14.533],[-44.835,-14.507],[-44.811,-14.503],[-44.741,-14.467],[-44.659,-14.396],[-44.599,-14.368],[-44.566,-14.341],[-44.511,-14.323],[-44.488,-14.329],[-44.412,-14.282],[-44.362,-14.273],[-44.341,-14.249],[-44.296,-14.253],[-44.209,-14.247],[-44.17,-14.269],[-44.107,-14.259],[-44.046,-14.284],[-43.997,-14.266],[-43.962,-14.291],[-43.897,-14.299],[-43.881,-14.312],[-43.828,-14.316],[-43.783,-14.339],[-43.818,-14.388],[-43.832,-14.443],[-43.87,-14.513],[-43.881,-14.562],[-43.875,-14.637],[-43.883,-14.652],[-43.847,-14.672],[-43.755,-14.701],[-43.726,-14.698],[-43.712,-14.715],[-43.657,-14.746],[-43.615,-14.76],[-43.586,-14.75],[-43.542,-14.779],[-43.531,-14.815],[-43.487,-14.79],[-43.456,-14.758],[-43.461,-14.746],[-43.424,-14.72],[-43.354,-14.698],[-43.311,-14.67],[-43.298,-14.676],[-43.245,-14.656],[-43.175,-14.651],[-43.057,-14.691],[-43.037,-14.683],[-43.011,-14.702],[-42.977,-14.698],[-42.953,-14.708],[-42.911,-14.746],[-42.906,-14.761],[-42.872,-14.765],[-42.872,-14.775],[-42.795,-14.837],[-42.755,-14.846],[-42.747,-14.868],[-42.707,-14.881],[-42.649,-14.93],[-42.619,-14.94],[-42.586,-14.932],[-42.561,-14.962],[-42.516,-14.983],[-42.479,-15.014],[-42.444,-15.021],[-42.443,-15.061],[-42.401,-15.077],[-42.372,-15.074],[-42.355,-15.098],[-42.324,-15.094],[-42.278,-15.114],[-42.266,-15.125],[-42.223,-15.1],[-42.155,-15.098],[-42.151,-15.118],[-42.125,-15.135],[-42.096,-15.182],[-42.048,-15.171],[-41.995,-15.159],[-41.953,-15.176],[-41.897,-15.152],[-41.872,-15.116],[-41.848,-15.117],[-41.81,-15.101],[-41.802,-15.1],[-41.76,-15.138],[-41.456,-15.41],[-41.364,-15.493],[-41.362,-15.495],[-41.356,-15.5],[-41.342,-15.639],[-41.33,-15.743],[-41.293,-15.739],[-41.269,-15.749],[-41.215,-15.737],[-41.142,-15.772],[-41.122,-15.743],[-41.098,-15.741],[-41.079,-15.72],[-41.048,-15.724],[-41.006,-15.714],[-40.978,-15.688],[-40.963,-15.648],[-40.914,-15.661],[-40.903,-15.692],[-40.841,-15.682],[-40.817,-15.648],[-40.78,-15.68],[-40.768,-15.714],[-40.741,-15.705],[-40.744,-15.684],[-40.701,-15.667],[-40.681,-15.7],[-40.645,-15.729],[-40.626,-15.718],[-40.579,-15.773],[-40.561,-15.804],[-40.52,-15.798],[-40.506,-15.767],[-40.484,-15.776],[-40.45,-15.762],[-40.425,-15.806],[-40.378,-15.818],[-40.294,-15.817],[-40.236,-15.803],[-40.207,-15.854],[-40.174,-15.87],[-40.16,-15.908],[-40.127,-15.907],[-40.075,-15.92],[-40.066,-15.959],[-40.046,-15.962],[-40.004,-16.002],[-39.964,-16.004],[-39.958,-15.992],[-39.915,-16],[-39.922,-16.029],[-39.884,-16.066],[-39.857,-16.114],[-39.884,-16.145],[-39.883,-16.195],[-39.9,-16.203],[-39.936,-16.244],[-39.918,-16.284],[-39.951,-16.297],[-39.96,-16.322],[-39.99,-16.312],[-40.017,-16.348],[-40.046,-16.422],[-40.066,-16.457],[-40.11,-16.449],[-40.142,-16.498],[-40.17,-16.525],[-40.154,-16.56],[-40.173,-16.577],[-40.23,-16.561],[-40.275,-16.573],[-40.313,-16.679],[-40.307,-16.697],[-40.31,-16.733],[-40.333,-16.769],[-40.324,-16.801],[-40.269,-16.796],[-40.251,-16.831],[-40.282,-16.901],[-40.331,-16.908],[-40.365,-16.875],[-40.401,-16.89],[-40.408,-16.899],[-40.434,-16.887],[-40.48,-16.877],[-40.516,-16.963],[-40.543,-16.983],[-40.572,-17.066],[-40.557,-17.09],[-40.562,-17.123],[-40.579,-17.15],[-40.572,-17.182],[-40.554,-17.189],[-40.559,-17.231],[-40.571,-17.253],[-40.548,-17.284],[-40.572,-17.295],[-40.595,-17.324],[-40.605,-17.356],[-40.597,-17.421],[-40.577,-17.414],[-40.554,-17.436],[-40.519,-17.447],[-40.495,-17.487],[-40.483,-17.488],[-40.489,-17.52],[-40.459,-17.569],[-40.414,-17.574],[-40.418,-17.599],[-40.397,-17.626],[-40.38,-17.611],[-40.344,-17.616],[-40.323,-17.641],[-40.323,-17.661],[-40.299,-17.675],[-40.295,-17.699],[-40.273,-17.727],[-40.24,-17.735],[-40.224,-17.734],[-40.214,-17.752],[-40.218,-17.796],[-40.174,-17.852],[-40.212,-17.895],[-40.263,-17.922],[-40.26,-17.94],[-40.227,-17.958],[-40.222,-17.98],[-40.22,-17.982],[-39.912,-18.179],[-39.689,-18.321],[-39.668,-18.337],[-39.635,-18.232],[-39.588,-18.151],[-39.549,-18.102],[-39.54,-18.076],[-39.491,-17.998],[-39.46,-17.962],[-39.407,-17.922],[-39.363,-17.906],[-39.364,-17.891],[-39.318,-17.891],[-39.268,-17.863],[-39.257,-17.828],[-39.207,-17.774],[-39.191,-17.742],[-39.137,-17.685],[-39.184,-17.615],[-39.192,-17.446],[-39.218,-17.335],[-39.219,-17.266],[-39.213,-17.239],[-39.212,-17.161],[-39.182,-17.112],[-39.172,-17.013],[-39.155,-16.98],[-39.151,-16.942],[-39.117,-16.892],[-39.142,-16.869],[-39.145,-16.809],[-39.14,-16.753],[-39.104,-16.698],[-39.09,-16.628],[-39.086,-16.555],[-39.062,-16.473],[-39.062,-16.436],[-39.028,-16.382],[-39.009,-16.375],[-39.009,-16.346],[-39.02,-16.324],[-39.022,-16.285],[-39.011,-16.246],[-38.972,-16.199],[-38.948,-16.156],[-38.956,-16.135],[-38.948,-16.092],[-38.905,-15.97],[-38.853,-15.849],[-38.894,-15.767],[-38.935,-15.665],[-38.942,-15.539],[-38.952,-15.469],[-38.973,-15.385],[-38.991,-15.288],[-38.996,-15.219],[-38.996,-15.085],[-38.998,-14.987],[-39.018,-14.923],[-39.024,-14.805],[-39.056,-14.767],[-39.062,-14.747],[-39.065,-14.674],[-39.062,-14.625],[-39.034,-14.515],[-39.018,-14.418],[-39.001,-14.346],[-38.981,-14.298],[-38.995,-14.266],[-38.989,-14.217],[-38.976,-14.143],[-38.955,-14.077],[-38.943,-13.997],[-38.928,-13.94],[-38.929,-13.907],[-38.952,-13.872],[-38.968,-13.849],[-38.972,-13.842],[-38.997,-13.798],[-38.998,-13.748],[-38.988,-13.717],[-38.963,-13.687],[-38.968,-13.672],[-38.936,-13.658],[-38.898,-13.666],[-38.891,-13.64],[-38.901,-13.602],[-38.927,-13.577],[-38.933,-13.546],[-38.917,-13.484],[-38.892,-13.461],[-38.906,-13.427],[-38.905,-13.386],[-38.918,-13.377],[-38.951,-13.39],[-38.967,-13.341],[-38.956,-13.263],[-38.933,-13.222],[-38.919,-13.214],[-38.867,-13.186],[-38.856,-13.171],[-38.797,-13.137],[-38.762,-13.119],[-38.713,-13.061],[-38.656,-13.032],[-38.643,-13.015],[-38.586,-13.013],[-38.528,-13.01],[-38.469,-13.015],[-38.385,-12.956],[-38.353,-12.957],[-38.304,-12.911],[-38.28,-12.881],[-38.244,-12.852],[-38.104,-12.688],[-38.048,-12.636],[-38.03,-12.597],[-38.001,-12.578],[-37.973,-12.521],[-37.893,-12.408],[-37.813,-12.293],[-37.77,-12.239],[-37.686,-12.099],[-37.61,-11.956],[-37.513,-11.741],[-37.406,-11.537],[-37.349,-11.462],[-37.341,-11.442],[-37.368,-11.459],[-37.432,-11.511],[-37.458,-11.524],[-37.505,-11.525],[-37.52,-11.549],[-37.603,-11.54],[-37.632,-11.518],[-37.662,-11.536],[-37.682,-11.562],[-37.729,-11.552],[-37.759,-11.525],[-37.8,-11.521],[-37.809,-11.496],[-37.833,-11.482],[-37.853,-11.467],[-37.87,-11.435],[-37.898,-11.438],[-37.917,-11.403],[-37.936,-11.422],[-37.968,-11.389],[-37.982,-11.348],[-37.994,-11.343],[-37.992,-11.313],[-38.006,-11.286],[-37.987,-11.271],[-37.994,-11.24],[-37.977,-11.221],[-37.981,-11.199],[-38.023,-11.178],[-38.047,-11.182],[-38.089,-11.116],[-38.075,-11.077],[-38.102,-11.044],[-38.102,-11.017],[-38.169,-10.99],[-38.186,-10.961],[-38.181,-10.943],[-38.21,-10.931],[-38.228,-10.914],[-38.236,-10.882],[-38.232,-10.84],[-38.238,-10.8],[-38.209,-10.758],[-38.216,-10.727],[-38.205,-10.711],[-38.177,-10.706],[-38.145,-10.718],[-38.068,-10.716],[-38.042,-10.701],[-38.026,-10.725],[-37.972,-10.757],[-37.945,-10.756],[-37.91,-10.715],[-37.847,-10.699],[-37.804,-10.651],[-37.806,-10.6],[-37.831,-10.585],[-37.829,-10.54],[-37.815,-10.517],[-37.821,-10.483],[-37.848,-10.443],[-37.853,-10.406],[-37.839,-10.381],[-37.799,-10.363],[-37.786,-10.348],[-37.743,-10.338],[-37.745,-10.314],[-37.769,-10.289],[-37.75,-10.289],[-37.747,-10.238],[-37.766,-10.196],[-37.783,-10.179],[-37.774,-10.145],[-37.802,-10.113],[-37.783,-10.044],[-37.791,-10.033],[-37.833,-10.019],[-37.909,-9.94],[-37.902,-9.919],[-37.945,-9.943],[-37.975,-9.937],[-38.003,-9.905],[-38.007,-9.869],[-37.995,-9.846],[-38.001,-9.816],[-38.033,-9.77],[-38.045,-9.698],[-38.02,-9.637],[-38.051,-9.622],[-38.061,-9.588],[-38.021,-9.562],[-38.023,-9.54],[-38.003,-9.515],[-37.998,-9.499],[-38.022,-9.47],[-38.069,-9.456],[-38.078,-9.441],[-38.113,-9.436],[-38.155,-9.443],[-38.203,-9.42],[-38.194,-9.394],[-38.215,-9.353],[-38.238,-9.33],[-38.25,-9.29],[-38.287,-9.217],[-38.289,-9.172],[-38.313,-9.148],[-38.321,-9.117],[-38.306,-9.102],[-38.326,-9.081],[-38.29,-9.036],[-38.323,-8.99],[-38.362,-9.001],[-38.403,-9.037],[-38.449,-9.026],[-38.503,-8.981],[-38.514,-8.96],[-38.511,-8.925],[-38.479,-8.902],[-38.47,-8.866],[-38.512,-8.831],[-38.552,-8.823],[-38.57,-8.83],[-38.608,-8.893],[-38.61,-8.957],[-38.635,-8.987],[-38.674,-8.972],[-38.694,-8.919],[-38.706,-8.862],[-38.74,-8.845],[-38.807,-8.788],[-38.855,-8.784],[-38.928,-8.796],[-38.952,-8.804],[-38.977,-8.793],[-38.999,-8.761],[-39.033,-8.736],[-39.064,-8.732],[-39.144,-8.712],[-39.167,-8.692],[-39.201,-8.711],[-39.234,-8.705],[-39.245,-8.684],[-39.248,-8.625],[-39.263,-8.615],[-39.273,-8.584]]]},"properties":{"uf":"BA"}},
{"type":"Feature","geometry":{"type":"Polygon","coordinates":[[[-47.68,-18.356],[-47.694,-18.375],[-47.737,-18.363],[-47.769,-18.418],[-47.83,-18.411],[-47.837,-18.436],[-47.86,-18.44],[-47.865,-18.449],[-47.888,-18.477],[-47.914,-18.467],[-47.955,-18.5],[-47.997,-18.453],[-48.027,-18.436],[-48.047,-18.418],[-48.094,-18.431],[-48.146,-18.409],[-48.159,-18.375],[-48.221,-18.362],[-48.227,-18.346],[-48.272,-18.329],[-48.318,-18.367],[-48.342,-18.371],[-48.4,-18.373],[-48.411,-18.358],[-48.449,-18.357],[-48.479,-18.38],[-48.493,-18.353],[-48.516,-18.366],[-48.554,-18.347],[-48.561,-18.324],[-48.602,-18.335],[-48.634,-18.328],[-48.654,-18.343],[-48.742,-18.352],[-48.758,-18.345],[-48.828,-18.375],[-48.832,-18.346],[-48.873,-18.333],[-48.918,-18.306],[-48.959,-18.323],[-48.981,-18.356],[-49.006,-18.374],[-49.03,-18.369],[-49.054,-18.403],[-49.079,-18.417],[-49.126,-18.384],[-49.159,-18.417],[-49.211,-18.423],[-49.201,-18.461],[-49.228,-18.479],[-49.249,-18.523],[-49.286,-18.536],[-49.293,-18.564],[-49.327,-18.562],[-49.343,-18.596],[-49.373,-18.635],[-49.406,-18.645],[-49.456,-18.578],[-49.478,-18.564],[-49.486,-18.532],[-49.5,-18.491],[-49.546,-18.499],[-49.548,-18.54],[-49.642,-18.555],[-49.653,-18.574],[-49.723,-18.609],[-49.758,-18.61],[-49.795,-18.644],[-49.889,-18.61],[-49.932,-18.624],[-49.981,-18.605],[-50.029,-18.601],[-50.05,-18.643],[-50.08,-18.672],[-50.164,-18.664],[-50.199,-18.679],[-50.27,-18.684],[-50.314,-18.701],[-50.352,-18.76],[-50.37,-18.804],[-50.423,-18.833],[-50.443,-18.894],[-50.473,-18.921],[-50.506,-18.932],[-50.512,-18.952],[-50.495,-19.013],[-50.503,-19.047],[-50.535,-19.099],[-50.586,-19.139],[-50.646,-19.135],[-50.674,-19.136],[-50.682,-19.176],[-50.733,-19.187],[-50.74,-19.213],[-50.746,-19.24],[-50.817,-19.289],[-50.828,-19.311],[-50.875,-19.423],[-50.826,-19.473],[-50.849,-19.498],[-50.935,-19.467],[-50.963,-19.501],[-50.931,-19.542],[-50.924,-19.581],[-50.988,-19.589],[-50.99,-19.605],[-51.038,-19.692],[-51.046,-19.736],[-51.028,-19.757],[-51.033,-19.791],[-51.024,-19.804],[-51.019,-19.87],[-50.999,-19.906],[-51.021,-19.959],[-51.005,-19.996],[-51.018,-20.048],[-51,-20.085],[-50.969,-20.036],[-50.945,-20.03],[-50.908,-19.994],[-50.886,-19.99],[-50.844,-19.968],[-50.784,-19.937],[-50.686,-19.916],[-50.658,-19.907],[-50.614,-19.861],[-50.578,-19.816],[-50.562,-19.814],[-50.469,-19.78],[-50.454,-19.786],[-50.417,-19.801],[-50.373,-19.845],[-50.337,-19.869],[-50.291,-19.868],[-50.245,-19.877],[-50.216,-19.867],[-50.172,-19.875],[-50.106,-19.874],[-50.079,-19.886],[-50.044,-19.916],[-50.003,-19.926],[-49.97,-19.92],[-49.906,-19.937],[-49.854,-19.946],[-49.835,-19.933],[-49.749,-19.925],[-49.712,-19.931],[-49.634,-19.932],[-49.613,-19.92],[-49.551,-19.906],[-49.514,-19.914],[-49.493,-19.95],[-49.454,-19.978],[-49.356,-19.987],[-49.297,-19.96],[-49.25,-19.969],[-49.248,-20],[-49.297,-20.017],[-49.307,-20.06],[-49.306,-20.117],[-49.299,-20.167],[-49.265,-20.23],[-49.26,-20.259],[-49.225,-20.305],[-49.184,-20.315],[-49.121,-20.27],[-49.089,-20.212],[-49.066,-20.153],[-49.033,-20.15],[-48.986,-20.171],[-48.972,-20.208],[-48.966,-20.279],[-48.963,-20.403],[-48.904,-20.439],[-48.886,-20.437],[-48.867,-20.399],[-48.878,-20.356],[-48.875,-20.318],[-48.887,-20.275],[-48.853,-20.215],[-48.855,-20.18],[-48.822,-20.161],[-48.781,-20.164],[-48.73,-20.15],[-48.707,-20.16],[-48.647,-20.167],[-48.593,-20.136],[-48.537,-20.134],[-48.509,-20.139],[-48.452,-20.126],[-48.406,-20.113],[-48.375,-20.123],[-48.315,-20.114],[-48.265,-20.144],[-48.219,-20.128],[-48.219,-20.115],[-48.253,-20.078],[-48.228,-20.028],[-48.203,-20.045],[-48.179,-20.096],[-48.148,-20.124],[-48.105,-20.146],[-48.077,-20.148],[-48.02,-20.124],[-48.001,-20.101],[-47.981,-20.036],[-47.946,-20.06],[-47.931,-20.11],[-47.899,-20.126],[-47.875,-20.098],[-47.87,-20.076],[-47.861,-20.045],[-47.875,-20.019],[-47.851,-19.99],[-47.763,-19.986],[-47.713,-19.978],[-47.676,-20.002],[-47.671,-20.022],[-47.64,-20.047],[-47.595,-20.026],[-47.584,-19.997],[-47.549,-19.994],[-47.49,-19.969],[-47.463,-19.966],[-47.424,-20.015],[-47.44,-20.049],[-47.408,-20.08],[-47.372,-20.086],[-47.329,-20.115],[-47.296,-20.146],[-47.262,-20.16],[-47.251,-20.2],[-47.231,-20.219],[-47.233,-20.227],[-47.247,-20.259],[-47.277,-20.292],[-47.285,-20.332],[-47.298,-20.348],[-47.285,-20.406],[-47.293,-20.419],[-47.291,-20.45],[-47.223,-20.491],[-47.211,-20.502],[-47.154,-20.52],[-47.144,-20.541],[-47.138,-20.561],[-47.143,-20.566],[-47.123,-20.613],[-47.097,-20.644],[-47.101,-20.682],[-47.127,-20.709],[-47.169,-20.703],[-47.186,-20.731],[-47.189,-20.771],[-47.225,-20.801],[-47.214,-20.827],[-47.227,-20.855],[-47.227,-20.856],[-47.24,-20.885],[-47.21,-20.924],[-47.19,-20.928],[-47.181,-20.954],[-47.144,-20.982],[-47.157,-21.019],[-47.148,-21.035],[-47.141,-21.086],[-47.115,-21.105],[-47.133,-21.133],[-47.118,-21.153],[-47.118,-21.186],[-47.076,-21.241],[-47.044,-21.267],[-47.016,-21.342],[-46.997,-21.357],[-47.016,-21.396],[-47.013,-21.419],[-46.933,-21.425],[-46.885,-21.407],[-46.842,-21.389],[-46.836,-21.371],[-46.781,-21.371],[-46.765,-21.36],[-46.739,-21.393],[-46.715,-21.393],[-46.675,-21.375],[-46.648,-21.38],[-46.637,-21.411],[-46.616,-21.43],[-46.602,-21.444],[-46.576,-21.427],[-46.558,-21.443],[-46.519,-21.449],[-46.509,-21.489],[-46.523,-21.53],[-46.512,-21.565],[-46.524,-21.601],[-46.555,-21.653],[-46.565,-21.679],[-46.614,-21.676],[-46.631,-21.769],[-46.691,-21.838],[-46.666,-21.848],[-46.647,-21.88],[-46.674,-21.911],[-46.643,-21.977],[-46.618,-21.995],[-46.65,-22.009],[-46.685,-22.037],[-46.665,-22.069],[-46.719,-22.083],[-46.7,-22.095],[-46.647,-22.092],[-46.624,-22.108],[-46.613,-22.15],[-46.64,-22.158],[-46.646,-22.181],[-46.672,-22.178],[-46.68,-22.216],[-46.707,-22.258],[-46.723,-22.307],[-46.701,-22.321],[-46.675,-22.369],[-46.661,-22.366],[-46.666,-22.415],[-46.616,-22.439],[-46.555,-22.447],[-46.55,-22.469],[-46.542,-22.494],[-46.456,-22.522],[-46.415,-22.558],[-46.433,-22.571],[-46.424,-22.599],[-46.406,-22.622],[-46.393,-22.663],[-46.428,-22.661],[-46.469,-22.673],[-46.473,-22.705],[-46.453,-22.728],[-46.373,-22.747],[-46.333,-22.766],[-46.362,-22.789],[-46.374,-22.82],[-46.376,-22.877],[-46.345,-22.905],[-46.316,-22.887],[-46.279,-22.878],[-46.257,-22.891],[-46.192,-22.865],[-46.141,-22.868],[-46.139,-22.923],[-46.095,-22.894],[-46.051,-22.897],[-46.008,-22.889],[-45.993,-22.87],[-45.956,-22.85],[-45.909,-22.83],[-45.887,-22.872],[-45.871,-22.871],[-45.848,-22.838],[-45.768,-22.836],[-45.771,-22.806],[-45.712,-22.77],[-45.733,-22.722],[-45.756,-22.721],[-45.805,-22.737],[-45.812,-22.699],[-45.788,-22.693],[-45.743,-22.659],[-45.698,-22.65],[-45.73,-22.619],[-45.727,-22.587],[-45.679,-22.573],[-45.66,-22.599],[-45.681,-22.636],[-45.666,-22.651],[-45.618,-22.638],[-45.576,-22.602],[-45.56,-22.628],[-45.58,-22.653],[-45.525,-22.647],[-45.489,-22.629],[-45.48,-22.59],[-45.42,-22.621],[-45.4,-22.654],[-45.361,-22.639],[-45.333,-22.618],[-45.269,-22.611],[-45.254,-22.582],[-45.177,-22.547],[-45.167,-22.531],[-45.124,-22.497],[-45.103,-22.49],[-45.055,-22.47],[-44.991,-22.466],[-44.966,-22.475],[-44.94,-22.453],[-44.898,-22.449],[-44.89,-22.432],[-44.844,-22.428],[-44.809,-22.406],[-44.809,-22.404],[-44.803,-22.394],[-44.73,-22.361],[-44.666,-22.373],[-44.662,-22.38],[-44.628,-22.345],[-44.593,-22.323],[-44.544,-22.332],[-44.497,-22.304],[-44.433,-22.251],[-44.395,-22.259],[-44.36,-22.254],[-44.317,-22.259],[-44.291,-22.243],[-44.263,-22.244],[-44.26,-22.268],[-44.237,-22.266],[-44.189,-22.24],[-44.179,-22.228],[-44.122,-22.209],[-44.101,-22.174],[-44.033,-22.152],[-43.998,-22.156],[-43.977,-22.146],[-43.953,-22.142],[-43.892,-22.114],[-43.881,-22.101],[-43.842,-22.099],[-43.776,-22.066],[-43.731,-22.096],[-43.709,-22.076],[-43.668,-22.086],[-43.646,-22.065],[-43.621,-22.083],[-43.591,-22.056],[-43.566,-22.087],[-43.526,-22.073],[-43.464,-22.073],[-43.437,-22.06],[-43.347,-22.004],[-43.327,-22.008],[-43.302,-22.021],[-43.28,-22.011],[-43.234,-22.014],[-43.228,-22.029],[-43.202,-22.037],[-43.17,-22.022],[-43.131,-22.029],[-43.131,-22.035],[-43.153,-22.074],[-43.142,-22.104],[-43.106,-22.083],[-43.075,-22.093],[-43.033,-22.066],[-43.039,-22.045],[-43.002,-22.033],[-42.91,-21.991],[-42.881,-21.959],[-42.788,-21.93],[-42.665,-21.873],[-42.606,-21.846],[-42.463,-21.786],[-42.46,-21.785],[-42.396,-21.762],[-42.378,-21.748],[-42.333,-21.746],[-42.267,-21.714],[-42.273,-21.678],[-42.302,-21.655],[-42.34,-21.66],[-42.365,-21.646],[-42.369,-21.618],[-42.353,-21.592],[-42.346,-21.583],[-42.325,-21.569],[-42.297,-21.524],[-42.286,-21.528],[-42.257,-21.482],[-42.292,-21.459],[-42.275,-21.427],[-42.278,-21.414],[-42.23,-21.366],[-42.236,-21.343],[-42.224,-21.338],[-42.238,-21.318],[-42.229,-21.282],[-42.19,-21.25],[-42.203,-21.221],[-42.208,-21.179],[-42.195,-21.16],[-42.174,-21.132],[-42.164,-21.101],[-42.14,-21.103],[-42.118,-21.075],[-42.08,-21.03],[-42.085,-21.023],[-42.141,-20.993],[-42.151,-20.974],[-42.138,-20.96],[-42.038,-20.927],[-41.979,-20.935],[-41.96,-20.883],[-41.93,-20.844],[-41.928,-20.794],[-41.905,-20.797],[-41.875,-20.766],[-41.86,-20.739],[-41.851,-20.691],[-41.813,-20.653],[-41.841,-20.6],[-41.828,-20.557],[-41.804,-20.538],[-41.825,-20.483],[-41.799,-20.477],[-41.803,-20.422],[-41.837,-20.409],[-41.859,-20.373],[-41.853,-20.351],[-41.822,-20.311],[-41.782,-20.294],[-41.775,-20.26],[-41.757,-20.207],[-41.666,-20.207],[-41.416,-20.207],[-41.412,-20.206],[-41.382,-20.189],[-41.356,-20.139],[-41.333,-20.058],[-41.309,-20.016],[-41.312,-19.972],[-41.298,-19.938],[-41.271,-19.942],[-41.244,-19.937],[-41.23,-19.907],[-41.187,-19.891],[-41.184,-19.849],[-41.164,-19.806],[-41.175,-19.767],[-41.191,-19.746],[-41.174,-19.716],[-41.168,-19.672],[-41.109,-19.639],[-41.099,-19.604],[-41.037,-19.57],[-41.041,-19.516],[-41.019,-19.505],[-40.988,-19.508],[-40.945,-19.461],[-40.966,-19.424],[-40.951,-19.393],[-40.93,-19.384],[-40.938,-19.346],[-40.924,-19.302],[-40.944,-19.279],[-40.932,-19.251],[-40.935,-19.223],[-40.923,-19.203],[-40.941,-19.181],[-40.948,-19.142],[-40.964,-19.122],[-41.007,-19.1],[-41.013,-19.076],[-41.054,-19.069],[-41.061,-19.056],[-41.072,-19.026],[-41.062,-19.006],[-41.032,-18.991],[-41.061,-18.968],[-41.065,-18.945],[-41.104,-18.934],[-41.137,-18.891],[-41.166,-18.858],[-41.201,-18.863],[-41.215,-18.878],[-41.243,-18.854],[-41.245,-18.82],[-41.232,-18.797],[-41.147,-18.798],[-41.133,-18.797],[-41.11,-18.839],[-41.025,-18.837],[-40.964,-18.841],[-40.917,-18.815],[-40.94,-18.77],[-40.941,-18.691],[-41.005,-18.667],[-41.051,-18.634],[-41.026,-18.528],[-41.016,-18.477],[-41.023,-18.457],[-41.182,-18.44],[-41.144,-18.405],[-41.147,-18.353],[-41.159,-18.308],[-41.096,-18.256],[-41.104,-18.212],[-41.052,-18.165],[-41.015,-18.158],[-40.952,-18.134],[-40.932,-18.136],[-40.891,-18.113],[-40.845,-18.15],[-40.771,-18.156],[-40.773,-18.108],[-40.902,-17.986],[-40.863,-17.988],[-40.831,-17.954],[-40.798,-17.957],[-40.753,-18.01],[-40.726,-18.001],[-40.704,-18.024],[-40.662,-18.013],[-40.626,-17.991],[-40.609,-17.938],[-40.587,-17.939],[-40.568,-17.916],[-40.517,-17.894],[-40.463,-17.928],[-40.368,-17.923],[-40.345,-17.924],[-40.255,-17.972],[-40.222,-17.98],[-40.227,-17.958],[-40.26,-17.94],[-40.263,-17.922],[-40.212,-17.895],[-40.174,-17.852],[-40.218,-17.796],[-40.214,-17.752],[-40.224,-17.734],[-40.24,-17.735],[-40.273,-17.727],[-40.295,-17.699],[-40.299,-17.675],[-40.323,-17.661],[-40.323,-17.641],[-40.344,-17.616],[-40.38,-17.611],[-40.397,-17.626],[-40.418,-17.599],[-40.414,-17.574],[-40.459,-17.569],[-40.489,-17.52],[-40.483,-17.488],[-40.495,-17.487],[-40.519,-17.447],[-40.554,-17.436],[-40.577,-17.414],[-40.597,-17.421],[-40.605,-17.356],[-40.595,-17.324],[-40.572,-17.295],[-40.548,-17.284],[-40.571,-17.253],[-40.559,-17.231],[-40.554,-17.189],[-40.572,-17.182],[-40.579,-17.15],[-40.562,-17.123],[-40.557,-17.09],[-40.572,-17.066],[-40.543,-16.983],[-40.516,-16.963],[-40.48,-16.877],[-40.434,-16.887],[-40.408,-16.899],[-40.401,-16.89],[-40.365,-16.875],[-40.331,-16.908],[-40.282,-16.901],[-40.251,-16.831],[-40.269,-16.796],[-40.324,-16.801],[-40.333,-16.769],[-40.31,-16.733],[-40.307,-16.697],[-40.313,-16.679],[-40.275,-16.573],[-40.23,-16.561],[-40.173,-16.577],[-40.154,-16.56],[-40.17,-16.525],[-40.142,-16.498],[-40.11,-16.449],[-40.066,-16.457],[-40.046,-16.422],[-40.017,-16.348],[-39.99,-16.312],[-39.96,-16.322],[-39.951,-16.297],[-39.918,-16.284],[-39.936,-16.244],[-39.9,-16.203],[-39.883,-16.195],[-39.884,-16.145],[-39.857,-16.114],[-39.884,-16.066],[-39.922,-16.029],[-39.915,-16],[-39.958,-15.992],[-39.964,-16.004],[-40.004,-16.002],[-40.046,-15.962],[-40.066,-15.959],[-40.075,-15.92],[-40.127,-15.907],[-40.16,-15.908],[-40.174,-15.87],[-40.207,-15.854],[-40.236,-15.803],[-40.294,-15.817],[-40.378,-15.818],[-40.425,-15.806],[-40.45,-15.762],[-40.484,-15.776],[-40.506,-15.767],[-40.52,-15.798],[-40.561,-15.804],[-40.579,-15.773],[-40.626,-15.718],[-40.645,-15.729],[-40.681,-15.7],[-40.701,-15.667],[-40.744,-15.684],[-40.741,-15.705],[-40.768,-15.714],[-40.78,-15.68],[-40.817,-15.648],[-40.841,-15.682],[-40.903,-15.692],[-40.914,-15.661],[-40.963,-15.648],[-40.978,-15.688],[-41.006,-15.714],[-41.048,-15.724],[-41.079,-15.72],[-41.098,-15.741],[-41.122,-15.743],[-41.142,-15.772],[-41.215,-15.737],[-41.269,-15.749],[-41.293,-15.739],[-41.33,-15.743],[-41.342,-15.639],[-41.356,-15.5],[-41.362,-15.495],[-41.364,-15.493],[-41.456,-15.41],[-41.76,-15.138],[-41.802,-15.1],[-41.81,-15.101],[-41.848,-15.117],[-41.872,-15.116],[-41.897,-15.152],[-41.953,-15.176],[-41.995,-15.159],[-42.048,-15.171],[-42.096,-15.182],[-42.125,-15.135],[-42.151,-15.118],[-42.155,-15.098],[-42.223,-15.1],[-42.266,-15.125],[-42.278,-15.114],[-42.324,-15.094],[-42.355,-15.098],[-42.372,-15.074],[-42.401,-15.077],[-42.443,-15.061],[-42.444,-15.021],[-42.479,-15.014],[-42.516,-14.983],[-42.561,-14.962],[-42.586,-14.932],[-42.619,-14.94],[-42.649,-14.93],[-42.707,-14.881],[-42.747,-14.868],[-42.755,-14.846],[-42.795,-14.837],[-42.872,-14.775],[-42.872,-14.765],[-42.906,-14.761],[-42.911,-14.746],[-42.953,-14.708],[-42.977,-14.698],[-43.011,-14.702],[-43.037,-14.683],[-43.057,-14.691],[-43.175,-14.651],[-43.245,-14.656],[-43.298,-14.676],[-43.311,-14.67],[-43.354,-14.698],[-43.424,-14.72],[-43.461,-14.746],[-43.456,-14.758],[-43.487,-14.79],[-43.531,-14.815],[-43.542,-14.779],[-43.586,-14.75],[-43.615,-14.76],[-43.657,-14.746],[-43.712,-14.715],[-43.726,-14.698],[-43.755,-14.701],[-43.847,-14.672],[-43.883,-14.652],[-43.875,-14.637],[-43.881,-14.562],[-43.87,-14.513],[-43.832,-14.443],[-43.818,-14.388],[-43.783,-14.339],[-43.828,-14.316],[-43.881,-14.312],[-43.897,-14.299],[-43.962,-14.291],[-43.997,-14.266],[-44.046,-14.284],[-44.107,-14.259],[-44.17,-14.269],[-44.209,-14.247],[-44.296,-14.253],[-44.341,-14.249],[-44.362,-14.273],[-44.412,-14.282],[-44.488,-14.329],[-44.511,-14.323],[-44.566,-14.341],[-44.599,-14.368],[-44.659,-14.396],[-44.741,-14.467],[-44.811,-14.503],[-44.835,-14.507],[-44.83,-14.533],[-44.869,-14.593],[-44.917,-14.62],[-44.981,-14.646],[-44.996,-14.668],[-45.032,-14.676],[-45.048,-14.69],[-45.065,-14.731],[-45.096,-14.753],[-45.166,-14.735],[-45.206,-14.745],[-45.243,-14.786],[-45.306,-14.834],[-45.322,-14.852],[-45.364,-14.872],[-45.369,-14.89],[-45.41,-14.923],[-45.435,-14.923],[-45.455,-14.949],[-45.49,-14.961],[-45.536,-14.938],[-45.594,-14.978],[-45.617,-15.014],[-45.65,-15.024],[-45.673,-15.078],[-45.74,-15.12],[-45.812,-15.113],[-45.834,-15.137],[-45.872,-15.159],[-45.919,-15.133],[-45.961,-15.144],[-45.984,-15.196],[-46.029,-15.202],[-46.058,-15.263],[-46.097,-15.243],[-46.099,-15.217],[-46.116,-15.205],[-46.079,-15.175],[-46.048,-15.164],[-46.044,-15.118],[-46.028,-15.114],[-46.018,-15.081],[-45.975,-15.037],[-45.966,-14.966],[-45.996,-14.927],[-46.004,-14.902],[-46.038,-14.875],[-46.039,-14.875],[-46.088,-14.936],[-46.119,-14.921],[-46.162,-14.931],[-46.172,-14.947],[-46.232,-14.922],[-46.287,-14.928],[-46.319,-14.9],[-46.3,-14.858],[-46.325,-14.846],[-46.322,-14.815],[-46.424,-14.756],[-46.475,-14.705],[-46.503,-14.704],[-46.51,-14.738],[-46.544,-14.753],[-46.564,-14.783],[-46.56,-14.815],[-46.532,-14.83],[-46.522,-14.851],[-46.54,-14.892],[-46.541,-14.952],[-46.518,-14.97],[-46.531,-15.005],[-46.503,-15.051],[-46.526,-15.056],[-46.577,-15.084],[-46.625,-15.089],[-46.656,-15.081],[-46.682,-15.059],[-46.786,-15.018],[-46.857,-15.01],[-46.925,-15.057],[-46.926,-15.074],[-46.888,-15.112],[-46.937,-15.205],[-46.928,-15.255],[-46.891,-15.235],[-46.889,-15.282],[-46.874,-15.285],[-46.836,-15.326],[-46.849,-15.373],[-46.912,-15.411],[-46.93,-15.443],[-46.932,-15.483],[-46.944,-15.518],[-46.946,-15.563],[-46.883,-15.61],[-46.855,-15.618],[-46.856,-15.682],[-46.828,-15.729],[-46.813,-15.787],[-46.823,-15.825],[-46.806,-15.871],[-46.825,-15.886],[-46.952,-15.917],[-47.056,-15.938],[-47.077,-15.958],[-47.107,-15.958],[-47.137,-15.927],[-47.172,-15.954],[-47.17,-15.971],[-47.209,-15.99],[-47.226,-16.016],[-47.287,-16.009],[-47.31,-16.036],[-47.308,-16.05],[-47.313,-16.089],[-47.333,-16.087],[-47.337,-16.119],[-47.352,-16.134],[-47.332,-16.172],[-47.323,-16.209],[-47.322,-16.231],[-47.352,-16.275],[-47.353,-16.307],[-47.365,-16.33],[-47.427,-16.399],[-47.429,-16.437],[-47.455,-16.466],[-47.459,-16.504],[-47.431,-16.549],[-47.374,-16.593],[-47.347,-16.591],[-47.288,-16.642],[-47.252,-16.664],[-47.246,-16.7],[-47.226,-16.72],[-47.236,-16.755],[-47.22,-16.778],[-47.221,-16.802],[-47.206,-16.838],[-47.208,-16.875],[-47.181,-16.902],[-47.154,-16.953],[-47.129,-16.975],[-47.147,-17.032],[-47.178,-17.041],[-47.198,-17.072],[-47.225,-17.077],[-47.277,-17.111],[-47.293,-17.139],[-47.326,-17.154],[-47.348,-17.176],[-47.384,-17.248],[-47.411,-17.249],[-47.424,-17.324],[-47.438,-17.318],[-47.487,-17.349],[-47.511,-17.326],[-47.525,-17.412],[-47.537,-17.457],[-47.513,-17.463],[-47.509,-17.501],[-47.467,-17.534],[-47.4,-17.512],[-47.375,-17.523],[-47.325,-17.524],[-47.313,-17.543],[-47.265,-17.611],[-47.279,-17.643],[-47.272,-17.674],[-47.314,-17.7],[-47.317,-17.725],[-47.342,-17.746],[-47.336,-17.763],[-47.355,-17.815],[-47.371,-17.83],[-47.357,-17.855],[-47.357,-17.894],[-47.342,-17.9],[-47.335,-17.948],[-47.314,-17.963],[-47.323,-17.983],[-47.297,-18.01],[-47.283,-18.041],[-47.283,-18.058],[-47.324,-18.07],[-47.37,-18.116],[-47.392,-18.117],[-47.408,-18.142],[-47.43,-18.165],[-47.451,-18.159],[-47.497,-18.199],[-47.539,-18.217],[-47.567,-18.211],[-47.607,-18.246],[-47.633,-18.292],[-47.61,-18.316],[-47.68,-18.356]]]},"properties":{"uf":"MG"}},
{"type":"Feature","geometry":{"type":"Polygon","coordinates":[[[-41.271,-19.942],[-41.298,-19.938],[-41.312,-19.972],[-41.309,-20.016],[-41.333,-20.058],[-41.356,-20.139],[-41.382,-20.189],[-41.412,-20.206],[-41.416,-20.207],[-41.666,-20.207],[-41.757,-20.207],[-41.775,-20.26],[-41.782,-20.294],[-41.822,-20.311],[-41.853,-20.351],[-41.859,-20.373],[-41.837,-20.409],[-41.803,-20.422],[-41.799,-20.477],[-41.825,-20.483],[-41.804,-20.538],[-41.828,-20.557],[-41.841,-20.6],[-41.813,-20.653],[-41.851,-20.691],[-41.86,-20.739],[-41.875,-20.766],[-41.845,-20.777],[-41.817,-20.801],[-41.775,-20.8],[-41.74,-20.817],[-41.741,-20.873],[-41.722,-20.92],[-41.734,-20.943],[-41.717,-20.953],[-41.71,-20.991],[-41.725,-21.033],[-41.716,-21.047],[-41.736,-21.103],[-41.717,-21.105],[-41.645,-21.143],[-41.613,-21.157],[-41.589,-21.15],[-41.558,-21.173],[-41.52,-21.187],[-41.486,-21.18],[-41.47,-21.203],[-41.435,-21.216],[-41.416,-21.2],[-41.388,-21.199],[-41.316,-21.213],[-41.276,-21.24],[-41.241,-21.22],[-41.19,-21.249],[-41.137,-21.227],[-41.089,-21.22],[-41.04,-21.255],[-41.005,-21.253],[-40.995,-21.286],[-40.961,-21.301],[-40.962,-21.265],[-40.95,-21.23],[-40.926,-21.19],[-40.917,-21.175],[-40.858,-21.128],[-40.832,-21.053],[-40.812,-21.032],[-40.809,-20.996],[-40.811,-20.977],[-40.795,-20.925],[-40.758,-20.878],[-40.759,-20.866],[-40.746,-20.85],[-40.701,-20.835],[-40.653,-20.806],[-40.628,-20.82],[-40.583,-20.801],[-40.571,-20.765],[-40.533,-20.737],[-40.495,-20.662],[-40.464,-20.624],[-40.431,-20.637],[-40.405,-20.599],[-40.377,-20.535],[-40.36,-20.517],[-40.322,-20.428],[-40.302,-20.371],[-40.284,-20.354],[-40.274,-20.32],[-40.289,-20.284],[-40.259,-20.266],[-40.234,-20.276],[-40.215,-20.243],[-40.198,-20.216],[-40.172,-20.108],[-40.173,-20.077],[-40.192,-20.054],[-40.159,-20.036],[-40.154,-20.012],[-40.133,-19.966],[-40.15,-19.946],[-40.102,-19.921],[-40.083,-19.876],[-40.058,-19.84],[-40.055,-19.815],[-40.015,-19.768],[-39.968,-19.726],[-39.912,-19.687],[-39.85,-19.66],[-39.811,-19.65],[-39.73,-19.468],[-39.696,-19.367],[-39.689,-19.305],[-39.719,-19.097],[-39.743,-18.936],[-39.75,-18.838],[-39.746,-18.706],[-39.743,-18.668],[-39.728,-18.611],[-39.728,-18.518],[-39.715,-18.462],[-39.668,-18.337],[-39.689,-18.321],[-39.912,-18.179],[-40.22,-17.982],[-40.222,-17.98],[-40.255,-17.972],[-40.345,-17.924],[-40.368,-17.923],[-40.463,-17.928],[-40.517,-17.894],[-40.568,-17.916],[-40.587,-17.939],[-40.609,-17.938],[-40.626,-17.991],[-40.662,-18.013],[-40.704,-18.024],[-40.726,-18.001],[-40.753,-18.01],[-40.798,-17.957],[-40.831,-17.954],[-40.863,-17.988],[-40.902,-17.986],[-40.773,-18.108],[-40.771,-18.156],[-40.845,-18.15],[-40.891,-18.113],[-40.932,-18.136],[-40.952,-18.134],[-41.015,-18.158],[-41.052,-18.165],[-41.104,-18.212],[-41.096,-18.256],[-41.159,-18.308],[-41.147,-18.353],[-41.144,-18.405],[-41.182,-18.44],[-41.023,-18.457],[-41.016,-18.477],[-41.026,-18.528],[-41.051,-18.634],[-41.005,-18.667],[-40.941,-18.691],[-40.94,-18.77],[-40.917,-18.815],[-40.964,-18.841],[-41.025,-18.837],[-41.11,-18.839],[-41.133,-18.797],[-41.147,-18.798],[-41.232,-18.797],[-41.245,-18.82],[-41.243,-18.854],[-41.215,-18.878],[-41.201,-18.863],[-41.166,-18.858],[-41.137,-18.891],[-41.104,-18.934],[-41.065,-18.945],[-41.061,-18.968],[-41.032,-18.991],[-41.062,-19.006],[-41.072,-19.026],[-41.061,-19.056],[-41.054,-19.069],[-41.013,-19.076],[-41.007,-19.1],[-40.964,-19.122],[-40.948,-19.142],[-40.941,-19.181],[-40.923,-19.203],[-40.935,-19.223],[-40.932,-19.251],[-40.944,-19.279],[-40.924,-19.302],[-40.938,-19.346],[-40.93,-19.384],[-40.951,-19.393],[-40.966,-19.424],[-40.945,-19.461],[-40.988,-19.508],[-41.019,-19.505],[-41.041,-19.516],[-41.037,-19.57],[-41.099,-19.604],[-41.109,-19.639],[-41.168,-19.672],[-41.174,-19.716],[-41.191,-19.746],[-41.175,-19.767],[-41.164,-19.806],[-41.184,-19.849],[-41.187,-19.891],[-41.23,-19.907],[-41.244,-19.937],[-41.271,-19.942]]]},"properties":{"uf":"ES"}},
{"type":"Feature","geometry":{"type":"MultiPolygon","coordinates":[[[[-44.639,-22.914],[-44.687,-22.932],[-44.714,-22.93],[-44.743,-22.947],[-44.765,-22.983],[-44.792,-22.982],[-44.802,-23.049],[-44.819,-23.091],[-44.811,-23.115],[-44.824,-23.163],[-44.875,-23.185],[-44.883,-23.203],[-44.889,-23.227],[-44.869,-23.25],[-44.842,-23.256],[-44.825,-23.292],[-44.787,-23.299],[-44.778,-23.338],[-44.724,-23.368],[-44.715,-23.345],[-44.655,-23.343],[-44.639,-23.331],[-44.591,-23.362],[-44.527,-23.273],[-44.58,-23.271],[-44.587,-23.232],[-44.619,-23.242],[-44.651,-23.235],[-44.657,-23.205],[-44.695,-23.233],[-44.721,-23.202],[-44.698,-23.174],[-44.699,-23.121],[-44.684,-23.072],[-44.645,-23.047],[-44.593,-23.046],[-44.521,-23.027],[-44.484,-23.008],[-44.44,-23.003],[-44.423,-22.951],[-44.366,-22.96],[-44.338,-22.923],[-44.321,-22.936],[-44.312,-22.979],[-44.345,-22.991],[-44.346,-23.027],[-44.303,-23.002],[-44.251,-22.998],[-44.23,-23.014],[-44.238,-23.056],[-44.201,-23.038],[-44.166,-23.034],[-44.113,-23.023],[-44.085,-22.992],[-44.074,-22.952],[-44.047,-22.942],[-44.03,-22.964],[-44.006,-22.942],[-43.95,-22.927],[-43.91,-22.931],[-43.881,-22.916],[-43.832,-22.931],[-43.796,-22.917],[-43.745,-22.946],[-43.691,-22.989],[-43.628,-23.007],[-43.549,-23.061],[-43.493,-23.035],[-43.42,-23.018],[-43.336,-23.011],[-43.303,-23.016],[-43.246,-23.001],[-43.185,-22.974],[-43.15,-22.951],[-43.181,-22.895],[-43.211,-22.898],[-43.245,-22.841],[-43.273,-22.81],[-43.277,-22.78],[-43.258,-22.756],[-43.215,-22.728],[-43.161,-22.71],[-43.135,-22.714],[-43.081,-22.68],[-43.039,-22.693],[-43.026,-22.726],[-43.027,-22.743],[-43.064,-22.765],[-43.081,-22.79],[-43.065,-22.803],[-43.095,-22.834],[-43.103,-22.856],[-43.134,-22.881],[-43.095,-22.921],[-43.11,-22.954],[-43.072,-22.957],[-43.014,-22.977],[-43.001,-22.97],[-42.921,-22.975],[-42.881,-22.967],[-42.727,-22.956],[-42.641,-22.937],[-42.579,-22.933],[-42.382,-22.936],[-42.281,-22.939],[-42.2,-22.943],[-42.074,-22.955],[-42.038,-22.967],[-42.037,-22.933],[-42.02,-22.889],[-41.99,-22.883],[-41.986,-22.85],[-41.969,-22.823],[-41.933,-22.81],[-41.908,-22.778],[-41.973,-22.73],[-41.988,-22.711],[-41.997,-22.668],[-41.991,-22.598],[-41.979,-22.562],[-41.962,-22.534],[-41.933,-22.537],[-41.89,-22.486],[-41.864,-22.477],[-41.855,-22.45],[-41.818,-22.417],[-41.774,-22.391],[-41.773,-22.364],[-41.689,-22.3],[-41.658,-22.283],[-41.542,-22.235],[-41.451,-22.202],[-41.265,-22.154],[-41.216,-22.137],[-41.134,-22.095],[-41.077,-22.058],[-41.004,-22.021],[-40.98,-21.991],[-40.975,-21.941],[-40.982,-21.911],[-41.018,-21.761],[-41.025,-21.719],[-41.013,-21.623],[-41.048,-21.618],[-41.046,-21.607],[-41.073,-21.526],[-41.057,-21.479],[-41.021,-21.442],[-41.001,-21.404],[-40.961,-21.36],[-40.961,-21.301],[-40.995,-21.286],[-41.005,-21.253],[-41.04,-21.255],[-41.089,-21.22],[-41.137,-21.227],[-41.19,-21.249],[-41.241,-21.22],[-41.276,-21.24],[-41.316,-21.213],[-41.388,-21.199],[-41.416,-21.2],[-41.435,-21.216],[-41.47,-21.203],[-41.486,-21.18],[-41.52,-21.187],[-41.558,-21.173],[-41.589,-21.15],[-41.613,-21.157],[-41.645,-21.143],[-41.717,-21.105],[-41.736,-21.103],[-41.716,-21.047],[-41.725,-21.033],[-41.71,-20.991],[-41.717,-20.953],[-41.734,-20.943],[-41.722,-20.92],[-41.741,-20.873],[-41.74,-20.817],[-41.775,-20.8],[-41.817,-20.801],[-41.845,-20.777],[-41.875,-20.766],[-41.905,-20.797],[-41.928,-20.794],[-41.93,-20.844],[-41.96,-20.883],[-41.979,-20.935],[-42.038,-20.927],[-42.138,-20.96],[-42.151,-20.974],[-42.141,-20.993],[-42.085,-21.023],[-42.08,-21.03],[-42.118,-21.075],[-42.14,-21.103],[-42.164,-21.101],[-42.174,-21.132],[-42.195,-21.16],[-42.208,-21.179],[-42.203,-21.221],[-42.19,-21.25],[-42.229,-21.282],[-42.238,-21.318],[-42.224,-21.338],[-42.236,-21.343],[-42.23,-21.366],[-42.278,-21.414],[-42.275,-21.427],[-42.292,-21.459],[-42.257,-21.482],[-42.286,-21.528],[-42.297,-21.524],[-42.325,-21.569],[-42.346,-21.583],[-42.353,-21.592],[-42.369,-21.618],[-42.365,-21.646],[-42.34,-21.66],[-42.302,-21.655],[-42.273,-21.678],[-42.267,-21.714],[-42.333,-21.746],[-42.378,-21.748],[-42.396,-21.762],[-42.46,-21.785],[-42.463,-21.786],[-42.606,-21.846],[-42.665,-21.873],[-42.788,-21.93],[-42.881,-21.959],[-42.91,-21.991],[-43.002,-22.033],[-43.039,-22.045],[-43.033,-22.066],[-43.075,-22.093],[-43.106,-22.083],[-43.142,-22.104],[-43.153,-22.074],[-43.131,-22.035],[-43.131,-22.029],[-43.17,-22.022],[-43.202,-22.037],[-43.228,-22.029],[-43.234,-22.014],[-43.28,-22.011],[-43.302,-22.021],[-43.327,-22.008],[-43.347,-22.004],[-43.437,-22.06],[-43.464,-22.073],[-43.526,-22.073],[-43.566,-22.087],[-43.591,-22.056],[-43.621,-22.083],[-43.646,-22.065],[-43.668,-22.086],[-43.709,-22.076],[-43.731,-22.096],[-43.776,-22.066],[-43.842,-22.099],[-43.881,-22.101],[-43.892,-22.114],[-43.953,-22.142],[-43.977,-22.146],[-43.998,-22.156],[-44.033,-22.152],[-44.101,-22.174],[-44.122,-22.209],[-44.179,-22.228],[-44.189,-22.24],[-44.237,-22.266],[-44.26,-22.268],[-44.263,-22.244],[-44.291,-22.243],[-44.317,-22.259],[-44.36,-22.254],[-44.395,-22.259],[-44.433,-22.251],[-44.497,-22.304],[-44.544,-22.332],[-44.593,-22.323],[-44.628,-22.345],[-44.662,-22.38],[-44.666,-22.373],[-44.73,-22.361],[-44.803,-22.394],[-44.809,-22.404],[-44.809,-22.406],[-44.755,-22.415],[-44.719,-22.463],[-44.724,-22.476],[-44.688,-22.521],[-44.668,-22.554],[-44.644,-22.556],[-44.646,-22.604],[-44.597,-22.61],[-44.584,-22.624],[-44.546,-22.607],[-44.511,-22.64],[-44.48,-22.611],[-44.466,-22.616],[-44.43,-22.599],[-44.406,-22.599],[-44.382,-22.573],[-44.36,-22.581],[-44.361,-22.612],[-44.342,-22.589],[-44.283,-22.604],[-44.246,-22.606],[-44.184,-22.637],[-44.166,-22.673],[-44.174,-22.702],[-44.227,-22.734],[-44.258,-22.767],[-44.24,-22.791],[-44.268,-22.829],[-44.296,-22.828],[-44.318,-22.845],[-44.381,-22.858],[-44.423,-22.85],[-44.433,-22.869],[-44.467,-22.885],[-44.495,-22.847],[-44.555,-22.888],[-44.607,-22.885],[-44.629,-22.905],[-44.639,-22.914]]],[[[-44.35,-23.215],[-44.333,-23.224],[-44.311,-23.18],[-44.272,-23.18],[-44.247,-23.201],[-44.207,-23.193],[-44.14,-23.167],[-44.118,-23.186],[-44.091,-23.166],[-44.121,-23.153],[-44.148,-23.125],[-44.202,-23.12],[-44.216,-23.09],[-44.253,-23.097],[-44.282,-23.135],[-44.306,-23.121],[-44.325,-23.154],[-44.378,-23.172],[-44.339,-23.19],[-44.35,-23.215]]],[[[-43.668,-23.053],[-43.612,-23.05],[-43.614,-23.031],[-43.667,-23.043],[-43.706,-23.053],[-43.793,-23.061],[-43.828,-23.058],[-43.881,-23.042],[-43.899,-23.069],[-43.973,-23.045],[-44.011,-23.078],[-43.988,-23.102],[-43.954,-23.087],[-43.793,-23.064],[-43.668,-23.053]]],[[[-43.175,-22.801],[-43.221,-22.785],[-43.266,-22.811],[-43.239,-22.834],[-43.217,-22.817],[-43.173,-22.825],[-43.175,-22.801]]]]},"properties":{"uf":"RJ"}},
{"type":"Feature","geometry":{"type":"MultiPolygon","coordinates":[[[[-46.618,-21.995],[-46.643,-21.977],[-46.674,-21.911],[-46.647,-21.88],[-46.666,-21.848],[-46.691,-21.838],[-46.631,-21.769],[-46.614,-21.676],[-46.565,-21.679],[-46.555,-21.653],[-46.524,-21.601],[-46.512,-21.565],[-46.523,-21.53],[-46.509,-21.489],[-46.519,-21.449],[-46.558,-21.443],[-46.576,-21.427],[-46.602,-21.444],[-46.616,-21.43],[-46.637,-21.411],[-46.648,-21.38],[-46.675,-21.375],[-46.715,-21.393],[-46.739,-21.393],[-46.765,-21.36],[-46.781,-21.371],[-46.836,-21.371],[-46.842,-21.389],[-46.885,-21.407],[-46.933,-21.425],[-47.013,-21.419],[-47.016,-21.396],[-46.997,-21.357],[-47.016,-21.342],[-47.044,-21.267],[-47.076,-21.241],[-47.118,-21.186],[-47.118,-21.153],[-47.133,-21.133],[-47.115,-21.105],[-47.141,-21.086],[-47.148,-21.035],[-47.157,-21.019],[-47.144,-20.982],[-47.181,-20.954],[-47.19,-20.928],[-47.21,-20.924],[-47.24,-20.885],[-47.227,-20.856],[-47.227,-20.855],[-47.214,-20.827],[-47.225,-20.801],[-47.189,-20.771],[-47.186,-20.731],[-47.169,-20.703],[-47.127,-20.709],[-47.101,-20.682],[-47.097,-20.644],[-47.123,-20.613],[-47.143,-20.566],[-47.138,-20.561],[-47.144,-20.541],[-47.154,-20.52],[-47.211,-20.502],[-47.223,-20.491],[-47.291,-20.45],[-47.293,-20.419],[-47.285,-20.406],[-47.298,-20.348],[-47.285,-20.332],[-47.277,-20.292],[-47.247,-20.259],[-47.233,-20.227],[-47.231,-20.219],[-47.251,-20.2],[-47.262,-20.16],[-47.296,-20.146],[-47.329,-20.115],[-47.372,-20.086],[-47.408,-20.08],[-47.44,-20.049],[-47.424,-20.015],[-47.463,-19.966],[-47.49,-19.969],[-47.549,-19.994],[-47.584,-19.997],[-47.595,-20.026],[-47.64,-20.047],[-47.671,-20.022],[-47.676,-20.002],[-47.713,-19.978],[-47.763,-19.986],[-47.851,-19.99],[-47.875,-20.019],[-47.861,-20.045],[-47.87,-20.076],[-47.875,-20.098],[-47.899,-20.126],[-47.931,-20.11],[-47.946,-20.06],[-47.981,-20.036],[-48.001,-20.101],[-48.02,-20.124],[-48.077,-20.148],[-48.105,-20.146],[-48.148,-20.124],[-48.179,-20.096],[-48.203,-20.045],[-48.228,-20.028],[-48.253,-20.078],[-48.219,-20.115],[-48.219,-20.128],[-48.265,-20.144],[-48.315,-20.114],[-48.375,-20.123],[-48.406,-20.113],[-48.452,-20.126],[-48.509,-20.139],[-48.537,-20.134],[-48.593,-20.136],[-48.647,-20.167],[-48.707,-20.16],[-48.73,-20.15],[-48.781,-20.164],[-48.822,-20.161],[-48.855,-20.18],[-48.853,-20.215],[-48.887,-20.275],[-48.875,-20.318],[-48.878,-20.356],[-48.867,-20.399],[-48.886,-20.437],[-48.904,-20.439],[-48.963,-20.403],[-48.966,-20.279],[-48.972,-20.208],[-48.986,-20.171],[-49.033,-20.15],[-49.066,-20.153],[-49.089,-20.212],[-49.121,-20.27],[-49.184,-20.315],[-49.225,-20.305],[-49.26,-20.259],[-49.265,-20.23],[-49.299,-20.167],[-49.306,-20.117],[-49.307,-20.06],[-49.297,-20.017],[-49.248,-20],[-49.25,-19.969],[-49.297,-19.96],[-49.356,-19.987],[-49.454,-19.978],[-49.493,-19.95],[-49.514,-19.914],[-49.551,-19.906],[-49.613,-19.92],[-49.634,-19.932],[-49.712,-19.931],[-49.749,-19.925],[-49.835,-19.933],[-49.854,-19.946],[-49.906,-19.937],[-49.97,-19.92],[-50.003,-19.926],[-50.044,-19.916],[-50.079,-19.886],[-50.106,-19.874],[-50.172,-19.875],[-50.216,-19.867],[-50.245,-19.877],[-50.291,-19.868],[-50.337,-19.869],[-50.373,-19.845],[-50.417,-19.801],[-50.454,-19.786],[-50.469,-19.78],[-50.562,-19.814],[-50.578,-19.816],[-50.614,-19.861],[-50.658,-19.907],[-50.686,-19.916],[-50.784,-19.937],[-50.844,-19.968],[-50.886,-19.99],[-50.908,-19.994],[-50.945,-20.03],[-50.969,-20.036],[-51,-20.085],[-51.001,-20.096],[-51.022,-20.133],[-51.069,-20.25],[-51.109,-20.28],[-51.161,-20.305],[-51.296,-20.328],[-51.343,-20.356],[-51.378,-20.402],[-51.399,-20.446],[-51.419,-20.465],[-51.449,-20.483],[-51.493,-20.546],[-51.5,-20.568],[-51.568,-20.618],[-51.575,-20.623],[-51.603,-20.662],[-51.635,-20.755],[-51.622,-20.777],[-51.633,-20.822],[-51.628,-20.869],[-51.615,-20.886],[-51.624,-20.944],[-51.667,-20.971],[-51.714,-20.971],[-51.76,-21.022],[-51.772,-21.051],[-51.79,-21.102],[-51.824,-21.127],[-51.865,-21.13],[-51.879,-21.148],[-51.88,-21.198],[-51.848,-21.267],[-51.861,-21.337],[-51.9,-21.378],[-51.918,-21.412],[-51.929,-21.456],[-51.962,-21.493],[-52,-21.517],[-52.057,-21.504],[-52.078,-21.515],[-52.102,-21.57],[-52.069,-21.598],[-52.049,-21.643],[-52.056,-21.677],[-52.076,-21.715],[-52.104,-21.746],[-52.161,-21.771],[-52.184,-21.814],[-52.189,-21.844],[-52.248,-21.902],[-52.275,-21.915],[-52.319,-21.972],[-52.339,-22.048],[-52.377,-22.107],[-52.392,-22.115],[-52.408,-22.142],[-52.456,-22.185],[-52.488,-22.217],[-52.571,-22.248],[-52.655,-22.303],[-52.695,-22.315],[-52.798,-22.378],[-52.84,-22.415],[-52.855,-22.439],[-52.948,-22.473],[-52.999,-22.493],[-53.014,-22.521],[-53.058,-22.537],[-53.108,-22.595],[-53.105,-22.622],[-53.091,-22.645],[-53.038,-22.618],[-53.012,-22.599],[-52.972,-22.57],[-52.925,-22.566],[-52.858,-22.608],[-52.815,-22.597],[-52.783,-22.602],[-52.764,-22.609],[-52.727,-22.625],[-52.697,-22.627],[-52.663,-22.612],[-52.611,-22.574],[-52.589,-22.566],[-52.538,-22.616],[-52.499,-22.634],[-52.446,-22.608],[-52.421,-22.611],[-52.38,-22.626],[-52.3,-22.635],[-52.29,-22.628],[-52.25,-22.615],[-52.228,-22.642],[-52.223,-22.675],[-52.183,-22.655],[-52.157,-22.645],[-52.161,-22.589],[-52.152,-22.569],[-52.136,-22.527],[-52.109,-22.516],[-52.052,-22.539],[-52.033,-22.539],[-52.028,-22.539],[-51.94,-22.567],[-51.901,-22.602],[-51.89,-22.613],[-51.856,-22.632],[-51.772,-22.614],[-51.733,-22.629],[-51.718,-22.669],[-51.672,-22.659],[-51.63,-22.658],[-51.628,-22.658],[-51.589,-22.686],[-51.56,-22.697],[-51.517,-22.69],[-51.499,-22.69],[-51.446,-22.653],[-51.402,-22.668],[-51.374,-22.658],[-51.333,-22.667],[-51.298,-22.673],[-51.265,-22.668],[-51.238,-22.706],[-51.214,-22.724],[-51.176,-22.739],[-51.128,-22.76],[-51.058,-22.766],[-51.004,-22.794],[-50.979,-22.783],[-50.946,-22.804],[-50.928,-22.798],[-50.895,-22.794],[-50.854,-22.82],[-50.824,-22.866],[-50.793,-22.905],[-50.806,-22.94],[-50.796,-22.951],[-50.759,-22.948],[-50.729,-22.962],[-50.71,-22.953],[-50.682,-22.906],[-50.663,-22.896],[-50.637,-22.907],[-50.604,-22.923],[-50.577,-22.904],[-50.53,-22.919],[-50.527,-22.935],[-50.426,-22.944],[-50.416,-22.913],[-50.379,-22.905],[-50.359,-22.916],[-50.34,-22.948],[-50.323,-22.951],[-50.276,-22.932],[-50.243,-22.951],[-50.204,-22.953],[-50.153,-22.936],[-50.133,-22.94],[-50.093,-22.922],[-50.071,-22.928],[-50.053,-22.905],[-50.015,-22.911],[-49.986,-22.897],[-49.961,-22.931],[-49.974,-22.954],[-49.972,-22.958],[-49.954,-22.978],[-49.902,-22.999],[-49.916,-23.036],[-49.887,-23.065],[-49.834,-23.066],[-49.819,-23.077],[-49.809,-23.089],[-49.789,-23.103],[-49.751,-23.098],[-49.726,-23.109],[-49.735,-23.133],[-49.716,-23.148],[-49.678,-23.175],[-49.654,-23.212],[-49.627,-23.282],[-49.622,-23.332],[-49.638,-23.349],[-49.595,-23.367],[-49.602,-23.408],[-49.582,-23.429],[-49.598,-23.458],[-49.621,-23.493],[-49.624,-23.523],[-49.6,-23.536],[-49.603,-23.584],[-49.621,-23.611],[-49.602,-23.652],[-49.575,-23.676],[-49.549,-23.704],[-49.567,-23.737],[-49.56,-23.794],[-49.573,-23.827],[-49.608,-23.839],[-49.587,-23.889],[-49.557,-23.921],[-49.536,-23.928],[-49.522,-23.917],[-49.512,-23.926],[-49.492,-23.993],[-49.463,-24.027],[-49.457,-24.049],[-49.43,-24.069],[-49.392,-24.115],[-49.337,-24.138],[-49.343,-24.204],[-49.351,-24.221],[-49.305,-24.251],[-49.287,-24.303],[-49.254,-24.318],[-49.245,-24.332],[-49.201,-24.345],[-49.253,-24.405],[-49.252,-24.434],[-49.25,-24.445],[-49.245,-24.465],[-49.273,-24.493],[-49.296,-24.5],[-49.28,-24.536],[-49.316,-24.555],[-49.304,-24.597],[-49.314,-24.632],[-49.312,-24.663],[-49.278,-24.693],[-49.208,-24.701],[-49.186,-24.673],[-49.158,-24.672],[-49.13,-24.682],[-49.112,-24.688],[-49.075,-24.673],[-49.054,-24.682],[-49.037,-24.66],[-49.01,-24.654],[-48.962,-24.674],[-48.912,-24.674],[-48.84,-24.665],[-48.811,-24.675],[-48.777,-24.696],[-48.704,-24.68],[-48.675,-24.702],[-48.617,-24.669],[-48.572,-24.691],[-48.538,-24.726],[-48.502,-24.746],[-48.518,-24.781],[-48.556,-24.806],[-48.568,-24.849],[-48.55,-24.867],[-48.566,-24.917],[-48.567,-24.972],[-48.598,-25.003],[-48.58,-25.053],[-48.556,-25.084],[-48.53,-25.101],[-48.481,-25.037],[-48.474,-25.013],[-48.412,-24.98],[-48.38,-24.996],[-48.351,-25.036],[-48.285,-25.039],[-48.27,-24.997],[-48.24,-24.991],[-48.209,-25.032],[-48.216,-25.077],[-48.182,-25.134],[-48.158,-25.15],[-48.182,-25.205],[-48.113,-25.251],[-48.099,-25.241],[-48.023,-25.231],[-48.097,-25.297],[-48.096,-25.309],[-48.047,-25.258],[-47.946,-25.174],[-47.924,-25.16],[-47.908,-25.118],[-47.902,-25.066],[-47.909,-25.053],[-47.887,-25.051],[-47.88,-25.025],[-47.843,-24.977],[-47.731,-24.881],[-47.623,-24.799],[-47.561,-24.758],[-47.425,-24.685],[-47.415,-24.676],[-47.245,-24.574],[-47.145,-24.492],[-47.078,-24.448],[-47.004,-24.409],[-47.018,-24.379],[-47.002,-24.361],[-46.994,-24.325],[-46.948,-24.286],[-46.898,-24.253],[-46.845,-24.218],[-46.709,-24.144],[-46.604,-24.09],[-46.493,-24.038],[-46.416,-24.016],[-46.392,-23.999],[-46.384,-23.972],[-46.355,-23.971],[-46.32,-23.977],[-46.306,-23.993],[-46.32,-24.024],[-46.214,-23.986],[-46.198,-23.995],[-46.166,-23.944],[-46.179,-23.924],[-46.156,-23.907],[-46.133,-23.856],[-46.089,-23.822],[-46.039,-23.815],[-45.973,-23.785],[-45.898,-23.765],[-45.842,-23.758],[-45.763,-23.763],[-45.664,-23.779],[-45.624,-23.796],[-45.555,-23.795],[-45.533,-23.823],[-45.502,-23.841],[-45.465,-23.819],[-45.431,-23.832],[-45.396,-23.808],[-45.397,-23.781],[-45.427,-23.708],[-45.428,-23.658],[-45.407,-23.624],[-45.388,-23.634],[-45.357,-23.623],[-45.328,-23.585],[-45.277,-23.578],[-45.244,-23.594],[-45.212,-23.566],[-45.231,-23.549],[-45.219,-23.529],[-45.159,-23.538],[-45.174,-23.496],[-45.123,-23.501],[-45.103,-23.49],[-45.071,-23.497],[-45.056,-23.459],[-45.069,-23.433],[-45.054,-23.417],[-45.015,-23.419],[-44.977,-23.4],[-44.942,-23.357],[-44.906,-23.334],[-44.837,-23.37],[-44.84,-23.388],[-44.751,-23.366],[-44.724,-23.368],[-44.778,-23.338],[-44.787,-23.299],[-44.825,-23.292],[-44.842,-23.256],[-44.869,-23.25],[-44.889,-23.227],[-44.883,-23.203],[-44.875,-23.185],[-44.824,-23.163],[-44.811,-23.115],[-44.819,-23.091],[-44.802,-23.049],[-44.792,-22.982],[-44.765,-22.983],[-44.743,-22.947],[-44.714,-22.93],[-44.687,-22.932],[-44.639,-22.914],[-44.629,-22.905],[-44.607,-22.885],[-44.555,-22.888],[-44.495,-22.847],[-44.467,-22.885],[-44.433,-22.869],[-44.423,-22.85],[-44.381,-22.858],[-44.318,-22.845],[-44.296,-22.828],[-44.268,-22.829],[-44.24,-22.791],[-44.258,-22.767],[-44.227,-22.734],[-44.174,-22.702],[-44.166,-22.673],[-44.184,-22.637],[-44.246,-22.606],[-44.283,-22.604],[-44.342,-22.589],[-44.361,-22.612],[-44.36,-22.581],[-44.382,-22.573],[-44.406,-22.599],[-44.43,-22.599],[-44.466,-22.616],[-44.48,-22.611],[-44.511,-22.64],[-44.546,-22.607],[-44.584,-22.624],[-44.597,-22.61],[-44.646,-22.604],[-44.644,-22.556],[-44.668,-22.554],[-44.688,-22.521],[-44.724,-22.476],[-44.719,-22.463],[-44.755,-22.415],[-44.809,-22.406],[-44.844,-22.428],[-44.89,-22.432],[-44.898,-22.449],[-44.94,-22.453],[-44.966,-22.475],[-44.991,-22.466],[-45.055,-22.47],[-45.103,-22.49],[-45.124,-22.497],[-45.167,-22.531],[-45.177,-22.547],[-45.254,-22.582],[-45.269,-22.611],[-45.333,-22.618],[-45.361,-22.639],[-45.4,-22.654],[-45.42,-22.621],[-45.48,-22.59],[-45.489,-22.629],[-45.525,-22.647],[-45.58,-22.653],[-45.56,-22.628],[-45.576,-22.602],[-45.618,-22.638],[-45.666,-22.651],[-45.681,-22.636],[-45.66,-22.599],[-45.679,-22.573],[-45.727,-22.587],[-45.73,-22.619],[-45.698,-22.65],[-45.743,-22.659],[-45.788,-22.693],[-45.812,-22.699],[-45.805,-22.737],[-45.756,-22.721],[-45.733,-22.722],[-45.712,-22.77],[-45.771,-22.806],[-45.768,-22.836],[-45.848,-22.838],[-45.871,-22.871],[-45.887,-22.872],[-45.909,-22.83],[-45.956,-22.85],[-45.993,-22.87],[-46.008,-22.889],[-46.051,-22.897],[-46.095,-22.894],[-46.139,-22.923],[-46.141,-22.868],[-46.192,-22.865],[-46.257,-22.891],[-46.279,-22.878],[-46.316,-22.887],[-46.345,-22.905],[-46.376,-22.877],[-46.374,-22.82],[-46.362,-22.789],[-46.333,-22.766],[-46.373,-22.747],[-46.453,-22.728],[-46.473,-22.705],[-46.469,-22.673],[-46.428,-22.661],[-46.393,-22.663],[-46.406,-22.622],[-46.424,-22.599],[-46.433,-22.571],[-46.415,-22.558],[-46.456,-22.522],[-46.542,-22.494],[-46.55,-22.469],[-46.555,-22.447],[-46.616,-22.439],[-46.666,-22.415],[-46.661,-22.366],[-46.675,-22.369],[-46.701,-22.321],[-46.723,-22.307],[-46.707,-22.258],[-46.68,-22.216],[-46.672,-22.178],[-46.646,-22.181],[-46.64,-22.158],[-46.613,-22.15],[-46.624,-22.108],[-46.647,-22.092],[-46.7,-22.095],[-46.719,-22.083],[-46.665,-22.069],[-46.685,-22.037],[-46.65,-22.009],[-46.618,-21.995]]],[[[-45.29,-23.869],[-45.27,-23.837],[-45.233,-23.836],[-45.242,-23.811],[-45.233,-23.785],[-45.263,-23.741],[-45.34,-23.727],[-45.366,-23.809],[-45.418,-23.859],[-45.46,-23.89],[-45.444,-23.934],[-45.408,-23.938],[-45.303,-23.909],[-45.269,-23.965],[-45.233,-23.948],[-45.238,-23.909],[-45.272,-23.873],[-45.29,-23.869]]]]},"properties":{"uf":"SP"}},
{"type":"Feature","geometry":{"type":"Polygon","coordinates":[[[-48.538,-24.726],[-48.572,-24.691],[-48.617,-24.669],[-48.675,-24.702],[-48.704,-24.68],[-48.777,-24.696],[-48.811,-24.675],[-48.84,-24.665],[-48.912,-24.674],[-48.962,-24.674],[-49.01,-24.654],[-49.037,-24.66],[-49.054,-24.682],[-49.075,-24.673],[-49.112,-24.688],[-49.13,-24.682],[-49.158,-24.672],[-49.186,-24.673],[-49.208,-24.701],[-49.278,-24.693],[-49.312,-24.663],[-49.314,-24.632],[-49.304,-24.597],[-49.316,-24.555],[-49.28,-24.536],[-49.296,-24.5],[-49.273,-24.493],[-49.245,-24.465],[-49.25,-24.445],[-49.252,-24.434],[-49.253,-24.405],[-49.201,-24.345],[-49.245,-24.332],[-49.254,-24.318],[-49.287,-24.303],[-49.305,-24.251],[-49.351,-24.221],[-49.343,-24.204],[-49.337,-24.138],[-49.392,-24.115],[-49.43,-24.069],[-49.457,-24.049],[-49.463,-24.027],[-49.492,-23.993],[-49.512,-23.926],[-49.522,-23.917],[-49.536,-23.928],[-49.557,-23.921],[-49.587,-23.889],[-49.608,-23.839],[-49.573,-23.827],[-49.56,-23.794],[-49.567,-23.737],[-49.549,-23.704],[-49.575,-23.676],[-49.602,-23.652],[-49.621,-23.611],[-49.603,-23.584],[-49.6,-23.536],[-49.624,-23.523],[-49.621,-23.493],[-49.598,-23.458],[-49.582,-23.429],[-49.602,-23.408],[-49.595,-23.367],[-49.638,-23.349],[-49.622,-23.332],[-49.627,-23.282],[-49.654,-23.212],[-49.678,-23.175],[-49.716,-23.148],[-49.735,-23.133],[-49.726,-23.109],[-49.751,-23.098],[-49.789,-23.103],[-49.809,-23.089],[-49.819,-23.077],[-49.834,-23.066],[-49.887,-23.065],[-49.916,-23.036],[-49.902,-22.999],[-49.954,-22.978],[-49.972,-22.958],[-49.974,-22.954],[-49.961,-22.931],[-49.986,-22.897],[-50.015,-22.911],[-50.053,-22.905],[-50.071,-22.928],[-50.093,-22.922],[-50.133,-22.94],[-50.153,-22.936],[-50.204,-22.953],[-50.243,-22.951],[-50.276,-22.932],[-50.323,-22.951],[-50.34,-22.948],[-50.359,-22.916],[-50.379,-22.905],[-50.416,-22.913],[-50.426,-22.944],[-50.527,-22.935],[-50.53,-22.919],[-50.577,-22.904],[-50.604,-22.923],[-50.637,-22.907],[-50.663,-22.896],[-50.682,-22.906],[-50.71,-22.953],[-50.729,-22.962],[-50.759,-22.948],[-50.796,-22.951],[-50.806,-22.94],[-50.793,-22.905],[-50.824,-22.866],[-50.854,-22.82],[-50.895,-22.794],[-50.928,-22.798],[-50.946,-22.804],[-50.979,-22.783],[-51.004,-22.794],[-51.058,-22.766],[-51.128,-22.76],[-51.176,-22.739],[-51.214,-22.724],[-51.238,-22.706],[-51.265,-22.668],[-51.298,-22.673],[-51.333,-22.667],[-51.374,-22.658],[-51.402,-22.668],[-51.446,-22.653],[-51.499,-22.69],[-51.517,-22.69],[-51.56,-22.697],[-51.589,-22.686],[-51.628,-22.658],[-51.63,-22.658],[-51.672,-22.659],[-51.718,-22.669],[-51.733,-22.629],[-51.772,-22.614],[-51.856,-22.632],[-51.89,-22.613],[-51.901,-22.602],[-51.94,-22.567],[-52.028,-22.539],[-52.033,-22.539],[-52.052,-22.539],[-52.109,-22.516],[-52.136,-22.527],[-52.152,-22.569],[-52.161,-22.589],[-52.157,-22.645],[-52.183,-22.655],[-52.223,-22.675],[-52.228,-22.642],[-52.25,-22.615],[-52.29,-22.628],[-52.3,-22.635],[-52.38,-22.626],[-52.421,-22.611],[-52.446,-22.608],[-52.499,-22.634],[-52.538,-22.616],[-52.589,-22.566],[-52.611,-22.574],[-52.663,-22.612],[-52.697,-22.627],[-52.727,-22.625],[-52.764,-22.609],[-52.783,-22.602],[-52.815,-22.597],[-52.858,-22.608],[-52.925,-22.566],[-52.972,-22.57],[-53.012,-22.599],[-53.038,-22.618],[-53.091,-22.645],[-53.105,-22.622],[-53.128,-22.652],[-53.185,-22.719],[-53.24,-22.733],[-53.327,-22.765],[-53.364,-22.784],[-53.38,-22.804],[-53.41,-22.814],[-53.43,-22.833],[-53.485,-22.864],[-53.547,-22.89],[-53.571,-22.928],[-53.607,-22.951],[-53.634,-23.003],[-53.63,-23.013],[-53.637,-23.125],[-53.655,-23.144],[-53.669,-23.184],[-53.699,-23.235],[-53.715,-23.283],[-53.725,-23.31],[-53.762,-23.359],[-53.776,-23.375],[-53.816,-23.386],[-53.932,-23.446],[-53.96,-23.443],[-53.987,-23.467],[-54.004,-23.511],[-54.007,-23.545],[-54.024,-23.586],[-54.031,-23.628],[-54.051,-23.687],[-54.055,-23.731],[-54.076,-23.764],[-54.084,-23.805],[-54.084,-23.865],[-54.08,-23.891],[-54.102,-23.952],[-54.14,-23.988],[-54.169,-23.999],[-54.227,-24.043],[-54.286,-24.068],[-54.334,-24.116],[-54.346,-24.157],[-54.327,-24.196],[-54.323,-24.252],[-54.277,-24.291],[-54.258,-24.355],[-54.262,-24.375],[-54.296,-24.428],[-54.326,-24.465],[-54.336,-24.508],[-54.318,-24.591],[-54.327,-24.659],[-54.332,-24.694],[-54.37,-24.756],[-54.39,-24.777],[-54.395,-24.811],[-54.437,-24.941],[-54.457,-25.039],[-54.459,-25.102],[-54.425,-25.153],[-54.448,-25.169],[-54.474,-25.211],[-54.491,-25.278],[-54.525,-25.331],[-54.586,-25.397],[-54.603,-25.438],[-54.619,-25.451],[-54.604,-25.482],[-54.593,-25.592],[-54.553,-25.588],[-54.536,-25.621],[-54.502,-25.614],[-54.425,-25.659],[-54.397,-25.64],[-54.389,-25.6],[-54.345,-25.605],[-54.329,-25.572],[-54.296,-25.558],[-54.279,-25.558],[-54.258,-25.594],[-54.203,-25.58],[-54.197,-25.535],[-54.163,-25.543],[-54.144,-25.521],[-54.116,-25.498],[-54.097,-25.521],[-54.12,-25.553],[-54.119,-25.583],[-54.091,-25.617],[-54.083,-25.562],[-54.045,-25.585],[-54.011,-25.566],[-53.991,-25.586],[-53.97,-25.601],[-53.961,-25.629],[-53.932,-25.623],[-53.862,-25.659],[-53.85,-25.691],[-53.878,-25.707],[-53.849,-25.741],[-53.843,-25.771],[-53.822,-25.799],[-53.849,-25.835],[-53.834,-25.895],[-53.819,-25.912],[-53.842,-25.932],[-53.837,-25.97],[-53.819,-25.976],[-53.772,-26.031],[-53.734,-26.043],[-53.741,-26.118],[-53.71,-26.131],[-53.672,-26.176],[-53.651,-26.207],[-53.653,-26.235],[-53.639,-26.251],[-53.584,-26.259],[-53.554,-26.292],[-53.496,-26.303],[-53.431,-26.282],[-53.43,-26.282],[-53.376,-26.242],[-53.342,-26.249],[-53.304,-26.258],[-53.284,-26.246],[-53.264,-26.289],[-53.183,-26.344],[-53.169,-26.348],[-53.16,-26.351],[-53.093,-26.392],[-53.028,-26.37],[-52.993,-26.348],[-52.938,-26.362],[-52.908,-26.359],[-52.866,-26.358],[-52.847,-26.344],[-52.763,-26.354],[-52.738,-26.342],[-52.701,-26.358],[-52.68,-26.353],[-52.645,-26.381],[-52.596,-26.416],[-52.557,-26.408],[-52.523,-26.4],[-52.464,-26.44],[-52.443,-26.438],[-52.403,-26.428],[-52.38,-26.439],[-52.304,-26.441],[-52.277,-26.461],[-52.23,-26.467],[-52.186,-26.445],[-52.159,-26.466],[-52.112,-26.475],[-52.081,-26.525],[-52.029,-26.547],[-52.009,-26.567],[-51.948,-26.57],[-51.928,-26.584],[-51.9,-26.579],[-51.878,-26.598],[-51.824,-26.582],[-51.784,-26.588],[-51.738,-26.573],[-51.693,-26.58],[-51.658,-26.565],[-51.632,-26.587],[-51.597,-26.584],[-51.536,-26.592],[-51.512,-26.582],[-51.495,-26.587],[-51.455,-26.641],[-51.435,-26.688],[-51.411,-26.717],[-51.4,-26.712],[-51.391,-26.663],[-51.347,-26.649],[-51.283,-26.654],[-51.258,-26.625],[-51.239,-26.628],[-51.222,-26.594],[-51.228,-26.555],[-51.273,-26.498],[-51.253,-26.462],[-51.293,-26.434],[-51.292,-26.404],[-51.27,-26.387],[-51.252,-26.351],[-51.203,-26.298],[-51.148,-26.279],[-51.102,-26.273],[-51.077,-26.231],[-51.057,-26.244],[-50.991,-26.235],[-50.971,-26.261],[-50.944,-26.244],[-50.909,-26.249],[-50.9,-26.289],[-50.882,-26.279],[-50.873,-26.246],[-50.847,-26.266],[-50.8,-26.231],[-50.763,-26.222],[-50.746,-26.247],[-50.716,-26.245],[-50.73,-26.203],[-50.703,-26.188],[-50.697,-26.182],[-50.683,-26.154],[-50.65,-26.132],[-50.656,-26.101],[-50.628,-26.063],[-50.595,-26.07],[-50.553,-26.059],[-50.593,-26.027],[-50.57,-26.002],[-50.551,-26.038],[-50.513,-26.026],[-50.461,-26.026],[-50.429,-26.063],[-50.408,-26.058],[-50.372,-26.079],[-50.366,-26.112],[-50.322,-26.134],[-50.332,-26.085],[-50.299,-26.055],[-50.268,-26.043],[-50.247,-26.03],[-50.222,-26.06],[-50.19,-26.07],[-50.178,-26.079],[-50.14,-26.027],[-50.124,-26.051],[-49.993,-26.011],[-49.934,-26.019],[-49.869,-26.033],[-49.864,-26.055],[-49.828,-26.075],[-49.824,-26.094],[-49.78,-26.118],[-49.749,-26.125],[-49.727,-26.171],[-49.713,-26.155],[-49.673,-26.19],[-49.654,-26.187],[-49.603,-26.227],[-49.55,-26.233],[-49.542,-26.214],[-49.502,-26.22],[-49.487,-26.194],[-49.486,-26.185],[-49.462,-26.171],[-49.429,-26.17],[-49.418,-26.156],[-49.381,-26.157],[-49.361,-26.137],[-49.322,-26.11],[-49.3,-26.111],[-49.287,-26.078],[-49.268,-26.077],[-49.234,-26.031],[-49.167,-26.001],[-49.139,-26.013],[-49.126,-25.996],[-49.091,-26.01],[-49.074,-26.001],[-49.043,-26.004],[-49.029,-26.005],[-49.02,-26.016],[-48.994,-26.009],[-48.968,-25.987],[-48.95,-25.99],[-48.96,-25.981],[-48.682,-25.984],[-48.644,-25.956],[-48.634,-25.978],[-48.595,-25.977],[-48.562,-25.894],[-48.565,-25.857],[-48.55,-25.852],[-48.477,-25.714],[-48.436,-25.649],[-48.404,-25.614],[-48.358,-25.586],[-48.32,-25.587],[-48.301,-25.566],[-48.277,-25.514],[-48.31,-25.493],[-48.239,-25.465],[-48.214,-25.473],[-48.182,-25.402],[-48.132,-25.342],[-48.096,-25.309],[-48.097,-25.297],[-48.023,-25.231],[-48.099,-25.241],[-48.113,-25.251],[-48.182,-25.205],[-48.158,-25.15],[-48.182,-25.134],[-48.216,-25.077],[-48.209,-25.032],[-48.24,-24.991],[-48.27,-24.997],[-48.285,-25.039],[-48.351,-25.036],[-48.38,-24.996],[-48.412,-24.98],[-48.474,-25.013],[-48.481,-25.037],[-48.53,-25.101],[-48.556,-25.084],[-48.58,-25.053],[-48.598,-25.003],[-48.567,-24.972],[-48.566,-24.917],[-48.55,-24.867],[-48.568,-24.849],[-48.556,-24.806],[-48.518,-24.781],[-48.502,-24.746],[-48.538,-24.726]]]},"properties":{"uf":"PR"}},
{"type":"Feature","geometry":{"type":"Polygon","coordinates":[[[-52.443,-26.438],[-52.464,-26.44],[-52.523,-26.4],[-52.557,-26.408],[-52.596,-26.416],[-52.645,-26.381],[-52.68,-26.353],[-52.701,-26.358],[-52.738,-26.342],[-52.763,-26.354],[-52.847,-26.344],[-52.866,-26.358],[-52.908,-26.359],[-52.938,-26.362],[-52.993,-26.348],[-53.028,-26.37],[-53.093,-26.392],[-53.16,-26.351],[-53.169,-26.348],[-53.183,-26.344],[-53.264,-26.289],[-53.284,-26.246],[-53.304,-26.258],[-53.342,-26.249],[-53.376,-26.242],[-53.43,-26.282],[-53.431,-26.282],[-53.496,-26.303],[-53.554,-26.292],[-53.584,-26.259],[-53.639,-26.251],[-53.644,-26.282],[-53.686,-26.336],[-53.707,-26.395],[-53.689,-26.429],[-53.688,-26.443],[-53.721,-26.538],[-53.731,-26.601],[-53.731,-26.623],[-53.757,-26.644],[-53.723,-26.656],[-53.74,-26.742],[-53.714,-26.751],[-53.717,-26.782],[-53.677,-26.844],[-53.694,-26.889],[-53.675,-26.893],[-53.672,-26.943],[-53.712,-26.965],[-53.733,-27.004],[-53.747,-27.031],[-53.78,-27.027],[-53.797,-27.039],[-53.807,-27.111],[-53.799,-27.147],[-53.829,-27.146],[-53.837,-27.168],[-53.82,-27.176],[-53.776,-27.147],[-53.752,-27.188],[-53.718,-27.182],[-53.686,-27.164],[-53.651,-27.177],[-53.651,-27.21],[-53.631,-27.213],[-53.6,-27.189],[-53.548,-27.176],[-53.518,-27.202],[-53.488,-27.194],[-53.507,-27.139],[-53.491,-27.132],[-53.455,-27.157],[-53.406,-27.136],[-53.381,-27.094],[-53.355,-27.111],[-53.296,-27.132],[-53.293,-27.141],[-53.322,-27.21],[-53.232,-27.171],[-53.188,-27.192],[-53.169,-27.144],[-53.15,-27.144],[-53.14,-27.176],[-53.071,-27.157],[-53.077,-27.108],[-53.048,-27.084],[-53.018,-27.093],[-53.041,-27.125],[-53.026,-27.159],[-52.992,-27.14],[-52.985,-27.17],[-53,-27.207],[-52.971,-27.218],[-52.957,-27.163],[-52.936,-27.178],[-52.929,-27.204],[-52.899,-27.197],[-52.851,-27.17],[-52.846,-27.207],[-52.801,-27.203],[-52.785,-27.206],[-52.76,-27.213],[-52.763,-27.249],[-52.739,-27.254],[-52.714,-27.238],[-52.691,-27.284],[-52.676,-27.246],[-52.618,-27.266],[-52.583,-27.247],[-52.545,-27.241],[-52.536,-27.26],[-52.479,-27.266],[-52.48,-27.235],[-52.432,-27.218],[-52.442,-27.25],[-52.419,-27.282],[-52.398,-27.292],[-52.378,-27.304],[-52.352,-27.289],[-52.3,-27.319],[-52.291,-27.305],[-52.306,-27.266],[-52.261,-27.257],[-52.268,-27.283],[-52.225,-27.331],[-52.203,-27.323],[-52.18,-27.277],[-52.159,-27.282],[-52.161,-27.314],[-52.126,-27.302],[-52.106,-27.313],[-52.107,-27.343],[-52.049,-27.346],[-51.983,-27.375],[-51.996,-27.41],[-51.969,-27.411],[-51.936,-27.429],[-51.918,-27.458],[-51.88,-27.492],[-51.858,-27.475],[-51.844,-27.483],[-51.837,-27.522],[-51.788,-27.515],[-51.802,-27.494],[-51.752,-27.488],[-51.717,-27.511],[-51.701,-27.48],[-51.677,-27.505],[-51.647,-27.516],[-51.633,-27.489],[-51.62,-27.502],[-51.623,-27.546],[-51.58,-27.524],[-51.587,-27.563],[-51.578,-27.577],[-51.548,-27.559],[-51.483,-27.563],[-51.475,-27.601],[-51.457,-27.607],[-51.419,-27.655],[-51.405,-27.632],[-51.381,-27.625],[-51.378,-27.66],[-51.36,-27.679],[-51.315,-27.675],[-51.309,-27.719],[-51.273,-27.735],[-51.272,-27.752],[-51.188,-27.778],[-51.16,-27.801],[-51.135,-27.804],[-51.121,-27.833],[-51.098,-27.827],[-51.053,-27.869],[-51.057,-27.887],[-51.056,-27.904],[-51.02,-27.922],[-51.019,-27.957],[-51.001,-27.963],[-50.978,-27.948],[-50.931,-27.968],[-50.923,-28.012],[-50.89,-28.023],[-50.875,-28.041],[-50.899,-28.09],[-50.876,-28.095],[-50.859,-28.14],[-50.837,-28.119],[-50.818,-28.141],[-50.794,-28.139],[-50.783,-28.176],[-50.761,-28.195],[-50.749,-28.248],[-50.696,-28.27],[-50.695,-28.288],[-50.665,-28.313],[-50.665,-28.338],[-50.629,-28.364],[-50.614,-28.394],[-50.593,-28.382],[-50.544,-28.427],[-50.532,-28.408],[-50.457,-28.411],[-50.425,-28.433],[-50.368,-28.421],[-50.34,-28.441],[-50.301,-28.439],[-50.273,-28.457],[-50.242,-28.432],[-50.223,-28.463],[-50.199,-28.445],[-50.159,-28.465],[-50.147,-28.449],[-50.097,-28.484],[-50.069,-28.479],[-50.027,-28.474],[-49.971,-28.44],[-49.9,-28.465],[-49.839,-28.496],[-49.816,-28.469],[-49.791,-28.496],[-49.748,-28.494],[-49.727,-28.519],[-49.747,-28.535],[-49.708,-28.582],[-49.691,-28.621],[-49.703,-28.629],[-49.704,-28.63],[-49.757,-28.616],[-49.839,-28.666],[-49.84,-28.713],[-49.869,-28.701],[-49.961,-28.772],[-49.962,-28.853],[-49.951,-28.893],[-49.965,-28.925],[-49.956,-28.949],[-49.934,-28.966],[-49.966,-29.022],[-49.958,-29.068],[-49.97,-29.101],[-49.992,-29.117],[-50.018,-29.163],[-50.075,-29.188],[-50.108,-29.211],[-50.146,-29.198],[-50.145,-29.27],[-50.112,-29.304],[-50.072,-29.325],[-50.041,-29.355],[-50.034,-29.35],[-50.065,-29.31],[-50.108,-29.28],[-50.115,-29.262],[-50.01,-29.225],[-49.997,-29.228],[-49.958,-29.199],[-49.902,-29.215],[-49.857,-29.233],[-49.816,-29.286],[-49.792,-29.286],[-49.742,-29.299],[-49.713,-29.326],[-49.645,-29.238],[-49.516,-29.096],[-49.425,-29.001],[-49.376,-28.956],[-49.29,-28.883],[-49.188,-28.802],[-49.08,-28.733],[-48.975,-28.671],[-48.858,-28.616],[-48.828,-28.607],[-48.782,-28.549],[-48.761,-28.535],[-48.746,-28.505],[-48.765,-28.485],[-48.765,-28.46],[-48.746,-28.427],[-48.736,-28.379],[-48.706,-28.341],[-48.709,-28.323],[-48.675,-28.256],[-48.648,-28.235],[-48.667,-28.214],[-48.658,-28.168],[-48.634,-28.113],[-48.632,-28.085],[-48.609,-28.062],[-48.603,-28.033],[-48.632,-28],[-48.621,-27.945],[-48.587,-27.904],[-48.596,-27.851],[-48.577,-27.844],[-48.542,-27.828],[-48.534,-27.796],[-48.498,-27.795],[-48.478,-27.762],[-48.507,-27.744],[-48.505,-27.724],[-48.481,-27.69],[-48.467,-27.651],[-48.418,-27.589],[-48.429,-27.555],[-48.406,-27.507],[-48.374,-27.472],[-48.371,-27.45],[-48.396,-27.431],[-48.417,-27.381],[-48.483,-27.378],[-48.526,-27.408],[-48.54,-27.32],[-48.595,-27.316],[-48.615,-27.272],[-48.603,-27.218],[-48.578,-27.211],[-48.542,-27.183],[-48.514,-27.184],[-48.482,-27.153],[-48.514,-27.131],[-48.508,-27.11],[-48.553,-27.157],[-48.586,-27.145],[-48.614,-27.1],[-48.589,-27.061],[-48.571,-27.009],[-48.614,-27.005],[-48.634,-26.984],[-48.628,-26.96],[-48.642,-26.913],[-48.636,-26.86],[-48.621,-26.826],[-48.604,-26.826],[-48.588,-26.791],[-48.62,-26.789],[-48.64,-26.767],[-48.661,-26.771],[-48.682,-26.718],[-48.688,-26.671],[-48.665,-26.581],[-48.651,-26.547],[-48.594,-26.452],[-48.599,-26.432],[-48.546,-26.31],[-48.504,-26.237],[-48.525,-26.21],[-48.532,-26.163],[-48.569,-26.168],[-48.598,-26.129],[-48.606,-26.02],[-48.595,-25.977],[-48.634,-25.978],[-48.644,-25.956],[-48.682,-25.984],[-48.96,-25.981],[-48.95,-25.99],[-48.968,-25.987],[-48.994,-26.009],[-49.02,-26.016],[-49.029,-26.005],[-49.043,-26.004],[-49.074,-26.001],[-49.091,-26.01],[-49.126,-25.996],[-49.139,-26.013],[-49.167,-26.001],[-49.234,-26.031],[-49.268,-26.077],[-49.287,-26.078],[-49.3,-26.111],[-49.322,-26.11],[-49.361,-26.137],[-49.381,-26.157],[-49.418,-26.156],[-49.429,-26.17],[-49.462,-26.171],[-49.486,-26.185],[-49.487,-26.194],[-49.502,-26.22],[-49.542,-26.214],[-49.55,-26.233],[-49.603,-26.227],[-49.654,-26.187],[-49.673,-26.19],[-49.713,-26.155],[-49.727,-26.171],[-49.749,-26.125],[-49.78,-26.118],[-49.824,-26.094],[-49.828,-26.075],[-49.864,-26.055],[-49.869,-26.033],[-49.934,-26.019],[-49.993,-26.011],[-50.124,-26.051],[-50.14,-26.027],[-50.178,-26.079],[-50.19,-26.07],[-50.222,-26.06],[-50.247,-26.03],[-50.268,-26.043],[-50.299,-26.055],[-50.332,-26.085],[-50.322,-26.134],[-50.366,-26.112],[-50.372,-26.079],[-50.408,-26.058],[-50.429,-26.063],[-50.461,-26.026],[-50.513,-26.026],[-50.551,-26.038],[-50.57,-26.002],[-50.593,-26.027],[-50.553,-26.059],[-50.595,-26.07],[-50.628,-26.063],[-50.656,-26.101],[-50.65,-26.132],[-50.683,-26.154],[-50.697,-26.182],[-50.703,-26.188],[-50.73,-26.203],[-50.716,-26.245],[-50.746,-26.247],[-50.763,-26.222],[-50.8,-26.231],[-50.847,-26.266],[-50.873,-26.246],[-50.882,-26.279],[-50.9,-26.289],[-50.909,-26.249],[-50.944,-26.244],[-50.971,-26.261],[-50.991,-26.235],[-51.057,-26.244],[-51.077,-26.231],[-51.102,-26.273],[-51.148,-26.279],[-51.203,-26.298],[-51.252,-26.351],[-51.27,-26.387],[-51.292,-26.404],[-51.293,-26.434],[-51.253,-26.462],[-51.273,-26.498],[-51.228,-26.555],[-51.222,-26.594],[-51.239,-26.628],[-51.258,-26.625],[-51.283,-26.654],[-51.347,-26.649],[-51.391,-26.663],[-51.4,-26.712],[-51.411,-26.717],[-51.435,-26.688],[-51.455,-26.641],[-51.495,-26.587],[-51.512,-26.582],[-51.536,-26.592],[-51.597,-26.584],[-51.632,-26.587],[-51.658,-26.565],[-51.693,-26.58],[-51.738,-26.573],[-51.784,-26.588],[-51.824,-26.582],[-51.878,-26.598],[-51.9,-26.579],[-51.928,-26.584],[-51.948,-26.57],[-52.009,-26.567],[-52.029,-26.547],[-52.081,-26.525],[-52.112,-26.475],[-52.159,-26.466],[-52.186,-26.445],[-52.23,-26.467],[-52.277,-26.461],[-52.304,-26.441],[-52.38,-26.439],[-52.403,-26.428],[-52.443,-26.438]]]},"properties":{"uf":"SC"}},
{"type":"Feature","geometry":{"type":"Polygon","coordinates":[[[-53.947,-31.955],[-53.918,-31.964],[-53.892,-31.995],[-53.851,-32],[-53.851,-32.027],[-53.833,-32.055],[-53.804,-32.071],[-53.748,-32.078],[-53.726,-32.098],[-53.744,-32.115],[-53.717,-32.156],[-53.723,-32.174],[-53.676,-32.238],[-53.678,-32.259],[-53.643,-32.302],[-53.653,-32.321],[-53.633,-32.354],[-53.644,-32.385],[-53.584,-32.451],[-53.522,-32.486],[-53.471,-32.481],[-53.437,-32.548],[-53.388,-32.587],[-53.37,-32.57],[-53.289,-32.621],[-53.246,-32.607],[-53.237,-32.63],[-53.167,-32.649],[-53.128,-32.638],[-53.084,-32.657],[-53.063,-32.618],[-53.02,-32.613],[-52.997,-32.591],[-52.983,-32.504],[-52.968,-32.49],[-52.892,-32.461],[-52.802,-32.447],[-52.766,-32.426],[-52.724,-32.382],[-52.772,-32.353],[-52.79,-32.379],[-52.821,-32.334],[-52.808,-32.319],[-52.778,-32.252],[-52.777,-32.231],[-52.738,-32.192],[-52.732,-32.16],[-52.675,-32.164],[-52.623,-32.146],[-52.648,-32.191],[-52.683,-32.273],[-52.688,-32.319],[-52.639,-32.393],[-52.602,-32.461],[-52.586,-32.509],[-52.588,-32.538],[-52.621,-32.638],[-52.688,-32.758],[-52.73,-32.847],[-52.77,-32.893],[-52.832,-32.915],[-52.867,-32.91],[-52.908,-32.888],[-52.963,-32.842],[-53.002,-32.797],[-53.002,-32.765],[-53.07,-32.834],[-53.101,-32.822],[-53.124,-32.794],[-53.147,-32.819],[-53.157,-32.859],[-53.155,-32.954],[-53.174,-33.003],[-53.277,-33.109],[-53.337,-33.083],[-53.403,-33.158],[-53.432,-33.162],[-53.469,-33.255],[-53.468,-33.28],[-53.425,-33.438],[-53.438,-33.516],[-53.466,-33.558],[-53.511,-33.544],[-53.512,-33.603],[-53.534,-33.651],[-53.523,-33.689],[-53.439,-33.693],[-53.422,-33.744],[-53.37,-33.744],[-53.265,-33.671],[-53.156,-33.59],[-53.086,-33.531],[-52.777,-33.283],[-52.688,-33.188],[-52.624,-33.104],[-52.495,-32.867],[-52.464,-32.788],[-52.423,-32.629],[-52.386,-32.526],[-52.341,-32.425],[-52.293,-32.338],[-52.234,-32.26],[-52.199,-32.227],[-52.125,-32.169],[-52.097,-32.162],[-52.104,-32.133],[-52.099,-32.083],[-52.156,-32.096],[-52.139,-32.061],[-52.095,-32.049],[-52.108,-32.025],[-52.139,-32.046],[-52.171,-32.056],[-52.217,-32.085],[-52.196,-32.028],[-52.157,-32.026],[-52.113,-32.009],[-52.113,-31.978],[-52.188,-31.982],[-52.228,-32.036],[-52.242,-31.992],[-52.224,-31.972],[-52.188,-31.963],[-52.139,-31.918],[-52.177,-31.907],[-52.22,-31.873],[-52.254,-31.865],[-52.251,-31.84],[-52.222,-31.834],[-52.224,-31.789],[-52.226,-31.752],[-52.198,-31.726],[-52.152,-31.699],[-52.104,-31.685],[-52.057,-31.683],[-52.031,-31.692],[-52.013,-31.597],[-52.018,-31.548],[-52.01,-31.501],[-51.994,-31.414],[-51.96,-31.353],[-51.919,-31.311],[-51.875,-31.309],[-51.844,-31.323],[-51.812,-31.286],[-51.79,-31.273],[-51.757,-31.286],[-51.707,-31.266],[-51.639,-31.271],[-51.641,-31.188],[-51.629,-31.153],[-51.602,-31.132],[-51.538,-31.115],[-51.446,-31.089],[-51.466,-31.065],[-51.493,-31.004],[-51.501,-30.965],[-51.498,-30.918],[-51.477,-30.89],[-51.449,-30.872],[-51.39,-30.88],[-51.373,-30.872],[-51.391,-30.84],[-51.404,-30.783],[-51.401,-30.717],[-51.381,-30.643],[-51.335,-30.634],[-51.319,-30.646],[-51.315,-30.705],[-51.293,-30.708],[-51.302,-30.634],[-51.298,-30.559],[-51.265,-30.48],[-51.223,-30.42],[-51.198,-30.408],[-51.154,-30.414],[-51.122,-30.397],[-51.098,-30.358],[-51.129,-30.359],[-51.178,-30.386],[-51.207,-30.341],[-51.21,-30.301],[-51.239,-30.318],[-51.295,-30.303],[-51.299,-30.241],[-51.328,-30.226],[-51.315,-30.189],[-51.324,-30.173],[-51.301,-30.054],[-51.272,-30.039],[-51.234,-30.048],[-51.259,-30.123],[-51.226,-30.144],[-51.228,-30.177],[-51.178,-30.217],[-51.184,-30.233],[-51.128,-30.248],[-51.076,-30.243],[-51.063,-30.26],[-51.022,-30.284],[-51.024,-30.316],[-51.046,-30.36],[-51.047,-30.381],[-50.973,-30.408],[-50.93,-30.436],[-50.939,-30.375],[-50.915,-30.326],[-50.844,-30.321],[-50.797,-30.338],[-50.782,-30.285],[-50.751,-30.297],[-50.673,-30.297],[-50.656,-30.286],[-50.669,-30.255],[-50.659,-30.2],[-50.621,-30.198],[-50.598,-30.196],[-50.575,-30.238],[-50.543,-30.252],[-50.538,-30.274],[-50.555,-30.317],[-50.545,-30.356],[-50.566,-30.388],[-50.564,-30.438],[-50.574,-30.481],[-50.611,-30.486],[-50.649,-30.454],[-50.654,-30.417],[-50.597,-30.391],[-50.619,-30.361],[-50.643,-30.396],[-50.706,-30.348],[-50.729,-30.368],[-50.7,-30.425],[-50.686,-30.501],[-50.679,-30.609],[-50.69,-30.707],[-50.721,-30.78],[-50.754,-30.819],[-50.816,-30.841],[-50.882,-30.892],[-50.92,-30.906],[-50.968,-30.898],[-50.951,-30.959],[-50.955,-31.003],[-50.995,-31.048],[-51.048,-31.062],[-51.104,-31.099],[-51.177,-31.08],[-51.179,-31.134],[-51.163,-31.197],[-51.157,-31.285],[-51.179,-31.365],[-51.204,-31.414],[-51.237,-31.457],[-51.282,-31.497],[-51.343,-31.528],[-51.383,-31.527],[-51.428,-31.492],[-51.455,-31.529],[-51.462,-31.567],[-51.498,-31.583],[-51.547,-31.651],[-51.613,-31.729],[-51.659,-31.767],[-51.735,-31.789],[-51.802,-31.788],[-51.811,-31.845],[-51.86,-31.87],[-51.923,-31.863],[-52.008,-31.818],[-52.067,-31.818],[-52.098,-31.836],[-52.079,-31.869],[-52.015,-31.922],[-52.005,-31.951],[-52.054,-31.985],[-52.039,-32.03],[-52.05,-32.077],[-52.09,-32.131],[-52.077,-32.143],[-51.969,-32.032],[-51.921,-31.988],[-51.831,-31.919],[-51.748,-31.87],[-51.625,-31.809],[-51.502,-31.743],[-51.427,-31.696],[-51.267,-31.579],[-51.186,-31.504],[-51.04,-31.36],[-50.879,-31.227],[-50.842,-31.19],[-50.767,-31.11],[-50.668,-30.963],[-50.558,-30.818],[-50.465,-30.681],[-50.374,-30.563],[-50.334,-30.501],[-50.306,-30.447],[-50.252,-30.305],[-50.224,-30.236],[-50.17,-30.097],[-50.119,-29.976],[-50.075,-29.884],[-50.064,-29.86],[-50.018,-29.772],[-49.934,-29.625],[-49.922,-29.607],[-49.803,-29.444],[-49.713,-29.326],[-49.742,-29.299],[-49.792,-29.286],[-49.816,-29.286],[-49.857,-29.233],[-49.902,-29.215],[-49.958,-29.199],[-49.997,-29.228],[-50.01,-29.225],[-50.115,-29.262],[-50.108,-29.28],[-50.065,-29.31],[-50.034,-29.35],[-50.041,-29.355],[-50.072,-29.325],[-50.112,-29.304],[-50.145,-29.27],[-50.146,-29.198],[-50.108,-29.211],[-50.075,-29.188],[-50.018,-29.163],[-49.992,-29.117],[-49.97,-29.101],[-49.958,-29.068],[-49.966,-29.022],[-49.934,-28.966],[-49.956,-28.949],[-49.965,-28.925],[-49.951,-28.893],[-49.962,-28.853],[-49.961,-28.772],[-49.869,-28.701],[-49.84,-28.713],[-49.839,-28.666],[-49.757,-28.616],[-49.704,-28.63],[-49.703,-28.629],[-49.691,-28.621],[-49.708,-28.582],[-49.747,-28.535],[-49.727,-28.519],[-49.748,-28.494],[-49.791,-28.496],[-49.816,-28.469],[-49.839,-28.496],[-49.9,-28.465],[-49.971,-28.44],[-50.027,-28.474],[-50.069,-28.479],[-50.097,-28.484],[-50.147,-28.449],[-50.159,-28.465],[-50.199,-28.445],[-50.223,-28.463],[-50.242,-28.432],[-50.273,-28.457],[-50.301,-28.439],[-50.34,-28.441],[-50.368,-28.421],[-50.425,-28.433],[-50.457,-28.411],[-50.532,-28.408],[-50.544,-28.427],[-50.593,-28.382],[-50.614,-28.394],[-50.629,-28.364],[-50.665,-28.338],[-50.665,-28.313],[-50.695,-28.288],[-50.696,-28.27],[-50.749,-28.248],[-50.761,-28.195],[-50.783,-28.176],[-50.794,-28.139],[-50.818,-28.141],[-50.837,-28.119],[-50.859,-28.14],[-50.876,-28.095],[-50.899,-28.09],[-50.875,-28.041],[-50.89,-28.023],[-50.923,-28.012],[-50.931,-27.968],[-50.978,-27.948],[-51.001,-27.963],[-51.019,-27.957],[-51.02,-27.922],[-51.056,-27.904],[-51.057,-27.887],[-51.053,-27.869],[-51.098,-27.827],[-51.121,-27.833],[-51.135,-27.804],[-51.16,-27.801],[-51.188,-27.778],[-51.272,-27.752],[-51.273,-27.735],[-51.309,-27.719],[-51.315,-27.675],[-51.36,-27.679],[-51.378,-27.66],[-51.381,-27.625],[-51.405,-27.632],[-51.419,-27.655],[-51.457,-27.607],[-51.475,-27.601],[-51.483,-27.563],[-51.548,-27.559],[-51.578,-27.577],[-51.587,-27.563],[-51.58,-27.524],[-51.623,-27.546],[-51.62,-27.502],[-51.633,-27.489],[-51.647,-27.516],[-51.677,-27.505],[-51.701,-27.48],[-51.717,-27.511],[-51.752,-27.488],[-51.802,-27.494],[-51.788,-27.515],[-51.837,-27.522],[-51.844,-27.483],[-51.858,-27.475],[-51.88,-27.492],[-51.918,-27.458],[-51.936,-27.429],[-51.969,-27.411],[-51.996,-27.41],[-51.983,-27.375],[-52.049,-27.346],[-52.107,-27.343],[-52.106,-27.313],[-52.126,-27.302],[-52.161,-27.314],[-52.159,-27.282],[-52.18,-27.277],[-52.203,-27.323],[-52.225,-27.331],[-52.268,-27.283],[-52.261,-27.257],[-52.306,-27.266],[-52.291,-27.305],[-52.3,-27.319],[-52.352,-27.289],[-52.378,-27.304],[-52.398,-27.292],[-52.419,-27.282],[-52.442,-27.25],[-52.432,-27.218],[-52.48,-27.235],[-52.479,-27.266],[-52.536,-27.26],[-52.545,-27.241],[-52.583,-27.247],[-52.618,-27.266],[-52.676,-27.246],[-52.691,-27.284],[-52.714,-27.238],[-52.739,-27.254],[-52.763,-27.249],[-52.76,-27.213],[-52.785,-27.206],[-52.801,-27.203],[-52.846,-27.207],[-52.851,-27.17],[-52.899,-27.197],[-52.929,-27.204],[-52.936,-27.178],[-52.957,-27.163],[-52.971,-27.218],[-53,-27.207],[-52.985,-27.17],[-52.992,-27.14],[-53.026,-27.159],[-53.041,-27.125],[-53.018,-27.093],[-53.048,-27.084],[-53.077,-27.108],[-53.071,-27.157],[-53.14,-27.176],[-53.15,-27.144],[-53.169,-27.144],[-53.188,-27.192],[-53.232,-27.171],[-53.322,-27.21],[-53.293,-27.141],[-53.296,-27.132],[-53.355,-27.111],[-53.381,-27.094],[-53.406,-27.136],[-53.455,-27.157],[-53.491,-27.132],[-53.507,-27.139],[-53.488,-27.194],[-53.518,-27.202],[-53.548,-27.176],[-53.6,-27.189],[-53.631,-27.213],[-53.651,-27.21],[-53.651,-27.177],[-53.686,-27.164],[-53.718,-27.182],[-53.752,-27.188],[-53.776,-27.147],[-53.82,-27.176],[-53.837,-27.168],[-53.864,-27.126],[-53.879,-27.127],[-53.898,-27.17],[-53.917,-27.175],[-53.947,-27.151],[-53.96,-27.195],[-54.008,-27.198],[-54.028,-27.255],[-54.055,-27.264],[-54.082,-27.299],[-54.111,-27.302],[-54.155,-27.297],[-54.162,-27.256],[-54.187,-27.265],[-54.193,-27.308],[-54.213,-27.351],[-54.217,-27.385],[-54.267,-27.404],[-54.284,-27.448],[-54.341,-27.404],[-54.335,-27.451],[-54.357,-27.465],[-54.399,-27.412],[-54.472,-27.434],[-54.444,-27.46],[-54.475,-27.481],[-54.501,-27.48],[-54.525,-27.506],[-54.573,-27.454],[-54.616,-27.532],[-54.632,-27.546],[-54.68,-27.527],[-54.672,-27.566],[-54.723,-27.563],[-54.759,-27.581],[-54.785,-27.579],[-54.795,-27.535],[-54.827,-27.554],[-54.84,-27.605],[-54.861,-27.629],[-54.903,-27.636],[-54.903,-27.699],[-54.907,-27.73],[-54.949,-27.779],[-54.978,-27.771],[-54.999,-27.79],[-55.024,-27.794],[-55.058,-27.768],[-55.083,-27.797],[-55.025,-27.835],[-55.052,-27.852],[-55.091,-27.843],[-55.126,-27.86],[-55.139,-27.895],[-55.172,-27.861],[-55.203,-27.858],[-55.232,-27.884],[-55.25,-27.914],[-55.278,-27.933],[-55.327,-27.927],[-55.34,-27.966],[-55.387,-27.986],[-55.375,-28.034],[-55.414,-28.055],[-55.438,-28.086],[-55.454,-28.096],[-55.488,-28.076],[-55.513,-28.115],[-55.531,-28.115],[-55.564,-28.163],[-55.611,-28.117],[-55.634,-28.178],[-55.653,-28.182],[-55.693,-28.219],[-55.771,-28.241],[-55.773,-28.274],[-55.743,-28.281],[-55.68,-28.322],[-55.669,-28.341],[-55.692,-28.416],[-55.72,-28.419],[-55.734,-28.381],[-55.757,-28.369],[-55.871,-28.357],[-55.9,-28.398],[-55.884,-28.479],[-55.988,-28.498],[-56.023,-28.523],[-56.021,-28.553],[-56.002,-28.578],[-56.018,-28.613],[-56.047,-28.624],[-56.119,-28.681],[-56.166,-28.747],[-56.194,-28.775],[-56.261,-28.779],[-56.289,-28.794],[-56.301,-28.817],[-56.3,-28.896],[-56.323,-28.925],[-56.379,-28.948],[-56.406,-28.973],[-56.416,-29.001],[-56.399,-29.017],[-56.413,-29.062],[-56.43,-29.079],[-56.503,-29.089],[-56.55,-29.117],[-56.589,-29.12],[-56.617,-29.171],[-56.646,-29.2],[-56.649,-29.255],[-56.664,-29.295],[-56.713,-29.367],[-56.759,-29.371],[-56.78,-29.42],[-56.822,-29.49],[-56.902,-29.534],[-56.968,-29.602],[-56.971,-29.643],[-57.001,-29.652],[-57.021,-29.683],[-57.132,-29.77],[-57.172,-29.781],[-57.235,-29.781],[-57.298,-29.835],[-57.33,-29.888],[-57.324,-29.922],[-57.328,-29.972],[-57.352,-30.008],[-57.396,-30.023],[-57.454,-30.082],[-57.465,-30.11],[-57.526,-30.151],[-57.603,-30.19],[-57.558,-30.213],[-57.568,-30.252],[-57.551,-30.273],[-57.5,-30.289],[-57.49,-30.269],[-57.429,-30.275],[-57.419,-30.303],[-57.389,-30.302],[-57.379,-30.279],[-57.352,-30.284],[-57.311,-30.258],[-57.285,-30.294],[-57.204,-30.285],[-57.196,-30.264],[-57.167,-30.248],[-57.167,-30.196],[-57.145,-30.172],[-57.115,-30.114],[-57.078,-30.091],[-57.045,-30.106],[-57.024,-30.087],[-56.984,-30.087],[-56.956,-30.101],[-56.889,-30.089],[-56.85,-30.089],[-56.805,-30.106],[-56.78,-30.127],[-56.784,-30.151],[-56.73,-30.172],[-56.696,-30.205],[-56.658,-30.201],[-56.596,-30.295],[-56.537,-30.334],[-56.491,-30.398],[-56.462,-30.384],[-56.44,-30.432],[-56.398,-30.448],[-56.406,-30.469],[-56.386,-30.496],[-56.336,-30.511],[-56.331,-30.529],[-56.29,-30.532],[-56.277,-30.561],[-56.238,-30.573],[-56.214,-30.608],[-56.188,-30.605],[-56.165,-30.643],[-56.15,-30.705],[-56.107,-30.732],[-56.096,-30.754],[-56.024,-30.786],[-55.99,-30.86],[-56.011,-30.912],[-56.011,-30.978],[-56.019,-31.044],[-56.005,-31.082],[-55.979,-31.073],[-55.926,-31.077],[-55.871,-31.072],[-55.855,-31.045],[-55.83,-31.044],[-55.807,-31.016],[-55.781,-31.017],[-55.704,-30.955],[-55.666,-30.954],[-55.642,-30.912],[-55.663,-30.872],[-55.638,-30.846],[-55.579,-30.84],[-55.546,-30.89],[-55.51,-30.902],[-55.478,-30.954],[-55.457,-30.951],[-55.425,-30.986],[-55.437,-31.005],[-55.371,-31.023],[-55.349,-31.043],[-55.359,-31.063],[-55.327,-31.088],[-55.338,-31.134],[-55.29,-31.145],[-55.25,-31.206],[-55.247,-31.252],[-55.174,-31.268],[-55.152,-31.293],[-55.109,-31.308],[-55.074,-31.332],[-55.039,-31.3],[-55.036,-31.284],[-55.002,-31.269],[-54.983,-31.311],[-54.958,-31.324],[-54.932,-31.385],[-54.9,-31.376],[-54.836,-31.442],[-54.796,-31.43],[-54.739,-31.426],[-54.701,-31.436],[-54.67,-31.454],[-54.587,-31.456],[-54.577,-31.481],[-54.516,-31.51],[-54.473,-31.57],[-54.455,-31.653],[-54.174,-31.862],[-54.081,-31.93],[-54.039,-31.897],[-54.004,-31.915],[-53.963,-31.922],[-53.947,-31.955]]]},"properties":{"uf":"RS"}},
{"type":"Feature","geometry":{"type":"Polygon","coordinates":[[[-53.404,-17.993],[-53.435,-17.985],[-53.468,-18.035],[-53.486,-18.04],[-53.518,-18.021],[-53.59,-18.01],[-53.616,-17.979],[-53.652,-17.976],[-53.693,-18.007],[-53.737,-17.995],[-53.774,-18.001],[-53.812,-17.959],[-53.854,-17.926],[-53.899,-17.909],[-53.924,-17.92],[-53.952,-17.916],[-53.956,-17.883],[-53.941,-17.84],[-53.913,-17.808],[-53.888,-17.749],[-53.856,-17.703],[-53.799,-17.67],[-53.757,-17.673],[-53.704,-17.661],[-53.693,-17.5],[-53.68,-17.254],[-53.705,-17.228],[-53.763,-17.247],[-53.786,-17.287],[-53.82,-17.295],[-53.835,-17.339],[-53.831,-17.355],[-53.869,-17.369],[-53.915,-17.414],[-53.931,-17.439],[-53.973,-17.472],[-54.023,-17.477],[-54.058,-17.513],[-54.046,-17.537],[-54.052,-17.563],[-54.073,-17.588],[-54.085,-17.619],[-54.134,-17.619],[-54.157,-17.605],[-54.192,-17.606],[-54.244,-17.629],[-54.274,-17.654],[-54.302,-17.662],[-54.343,-17.656],[-54.388,-17.632],[-54.377,-17.607],[-54.392,-17.571],[-54.426,-17.537],[-54.469,-17.527],[-54.474,-17.498],[-54.502,-17.481],[-54.57,-17.473],[-54.636,-17.496],[-54.69,-17.503],[-54.747,-17.52],[-54.759,-17.566],[-54.801,-17.583],[-54.825,-17.61],[-54.861,-17.624],[-54.902,-17.612],[-54.943,-17.609],[-55.047,-17.64],[-55.073,-17.632],[-55.137,-17.65],[-55.139,-17.648],[-55.252,-17.592],[-55.263,-17.565],[-55.3,-17.541],[-55.332,-17.549],[-55.354,-17.532],[-55.405,-17.512],[-55.433,-17.512],[-55.483,-17.479],[-55.515,-17.484],[-55.589,-17.414],[-55.584,-17.383],[-55.603,-17.367],[-55.604,-17.367],[-55.649,-17.358],[-55.658,-17.339],[-55.72,-17.349],[-55.761,-17.323],[-55.79,-17.327],[-55.805,-17.309],[-55.845,-17.299],[-55.87,-17.275],[-55.887,-17.285],[-55.96,-17.25],[-56.012,-17.237],[-56.016,-17.19],[-56.044,-17.171],[-56.083,-17.178],[-56.112,-17.166],[-56.129,-17.179],[-56.184,-17.195],[-56.213,-17.226],[-56.251,-17.219],[-56.336,-17.29],[-56.361,-17.281],[-56.389,-17.302],[-56.451,-17.326],[-56.499,-17.29],[-56.551,-17.323],[-56.612,-17.332],[-56.62,-17.322],[-56.672,-17.335],[-56.683,-17.317],[-56.723,-17.308],[-56.758,-17.327],[-56.767,-17.365],[-56.786,-17.387],[-56.829,-17.39],[-56.824,-17.423],[-56.841,-17.442],[-56.846,-17.481],[-56.876,-17.533],[-56.91,-17.532],[-56.973,-17.58],[-56.982,-17.61],[-56.965,-17.622],[-56.988,-17.659],[-57.033,-17.695],[-57.048,-17.732],[-57.075,-17.737],[-57.101,-17.772],[-57.225,-17.783],[-57.265,-17.82],[-57.311,-17.818],[-57.35,-17.837],[-57.426,-17.856],[-57.46,-17.9],[-57.485,-17.862],[-57.516,-17.863],[-57.531,-17.839],[-57.57,-17.817],[-57.578,-17.8],[-57.609,-17.797],[-57.623,-17.736],[-57.64,-17.717],[-57.664,-17.73],[-57.685,-17.716],[-57.672,-17.664],[-57.693,-17.627],[-57.712,-17.543],[-57.74,-17.536],[-57.752,-17.564],[-57.785,-17.571],[-57.783,-17.637],[-57.763,-17.661],[-57.75,-17.696],[-57.711,-17.729],[-57.719,-17.773],[-57.684,-17.809],[-57.684,-17.829],[-57.721,-17.829],[-57.6,-18.043],[-57.574,-18.132],[-57.505,-18.199],[-57.455,-18.233],[-57.558,-18.241],[-57.767,-18.899],[-57.72,-18.899],[-57.719,-18.978],[-57.698,-19.011],[-57.71,-19.035],[-57.783,-19.035],[-58.001,-19.487],[-58.131,-19.759],[-57.859,-19.972],[-57.902,-20.042],[-57.93,-20.022],[-57.963,-20.027],[-57.979,-20.055],[-58.024,-20.059],[-58.054,-20.108],[-58.095,-20.11],[-58.117,-20.147],[-58.149,-20.152],[-58.132,-20.207],[-58.166,-20.237],[-58.145,-20.272],[-58.119,-20.25],[-58.097,-20.254],[-58.091,-20.285],[-58.103,-20.321],[-58.073,-20.388],[-58.025,-20.4],[-58.004,-20.427],[-57.999,-20.456],[-58.02,-20.514],[-57.997,-20.572],[-58.013,-20.608],[-57.97,-20.644],[-57.988,-20.687],[-57.981,-20.706],[-57.95,-20.698],[-57.937,-20.67],[-57.914,-20.671],[-57.878,-20.714],[-57.873,-20.751],[-57.934,-20.746],[-57.959,-20.798],[-57.893,-20.791],[-57.859,-20.825],[-57.873,-20.854],[-57.929,-20.895],[-57.886,-20.909],[-57.864,-20.949],[-57.834,-20.936],[-57.817,-20.981],[-57.866,-21.039],[-57.866,-21.067],[-57.846,-21.097],[-57.865,-21.136],[-57.849,-21.188],[-57.853,-21.227],[-57.906,-21.266],[-57.92,-21.285],[-57.895,-21.307],[-57.855,-21.317],[-57.861,-21.351],[-57.892,-21.378],[-57.927,-21.45],[-57.934,-21.484],[-57.96,-21.51],[-57.962,-21.562],[-57.919,-21.582],[-57.915,-21.596],[-57.943,-21.629],[-57.93,-21.657],[-57.883,-21.689],[-57.941,-21.733],[-57.94,-21.758],[-57.908,-21.774],[-57.931,-21.825],[-57.96,-21.853],[-57.916,-21.876],[-57.948,-21.9],[-57.937,-21.928],[-57.975,-22.015],[-58.006,-22.031],[-57.988,-22.059],[-57.992,-22.09],[-57.942,-22.083],[-57.93,-22.12],[-57.864,-22.132],[-57.834,-22.12],[-57.805,-22.15],[-57.779,-22.125],[-57.748,-22.139],[-57.691,-22.088],[-57.664,-22.106],[-57.613,-22.11],[-57.586,-22.144],[-57.581,-22.175],[-57.541,-22.181],[-57.517,-22.174],[-57.483,-22.192],[-57.445,-22.188],[-57.389,-22.205],[-57.376,-22.229],[-57.325,-22.239],[-57.297,-22.221],[-57.238,-22.251],[-57.214,-22.224],[-57.148,-22.234],[-57.109,-22.231],[-57.101,-22.249],[-57.05,-22.232],[-56.997,-22.222],[-56.987,-22.243],[-56.958,-22.238],[-56.947,-22.256],[-56.888,-22.245],[-56.881,-22.276],[-56.844,-22.301],[-56.805,-22.284],[-56.744,-22.241],[-56.72,-22.257],[-56.683,-22.221],[-56.673,-22.249],[-56.652,-22.257],[-56.606,-22.232],[-56.603,-22.22],[-56.556,-22.195],[-56.549,-22.166],[-56.528,-22.148],[-56.519,-22.109],[-56.471,-22.08],[-56.434,-22.085],[-56.392,-22.08],[-56.393,-22.101],[-56.374,-22.143],[-56.345,-22.181],[-56.317,-22.215],[-56.25,-22.238],[-56.213,-22.276],[-56.136,-22.286],[-56.124,-22.272],[-56.088,-22.285],[-56.063,-22.277],[-56.009,-22.293],[-55.969,-22.292],[-55.936,-22.28],[-55.857,-22.281],[-55.843,-22.287],[-55.821,-22.345],[-55.804,-22.372],[-55.767,-22.384],[-55.749,-22.383],[-55.734,-22.441],[-55.751,-22.475],[-55.747,-22.505],[-55.724,-22.552],[-55.698,-22.563],[-55.683,-22.589],[-55.641,-22.613],[-55.614,-22.655],[-55.614,-22.693],[-55.62,-22.753],[-55.65,-22.791],[-55.666,-22.852],[-55.651,-22.887],[-55.634,-22.992],[-55.639,-23.026],[-55.611,-23.048],[-55.611,-23.077],[-55.596,-23.119],[-55.573,-23.143],[-55.542,-23.156],[-55.543,-23.181],[-55.523,-23.198],[-55.539,-23.241],[-55.523,-23.26],[-55.553,-23.279],[-55.556,-23.316],[-55.535,-23.333],[-55.504,-23.378],[-55.516,-23.41],[-55.56,-23.483],[-55.526,-23.567],[-55.538,-23.592],[-55.53,-23.628],[-55.475,-23.65],[-55.466,-23.703],[-55.455,-23.717],[-55.43,-23.79],[-55.441,-23.829],[-55.436,-23.872],[-55.446,-23.917],[-55.428,-23.926],[-55.42,-23.957],[-55.388,-23.967],[-55.349,-23.994],[-55.318,-23.963],[-55.262,-23.992],[-55.229,-24.014],[-55.179,-23.994],[-55.129,-23.984],[-55.107,-23.965],[-55.062,-23.993],[-54.999,-23.958],[-54.967,-23.966],[-54.925,-23.96],[-54.927,-23.925],[-54.909,-23.911],[-54.86,-23.905],[-54.836,-23.884],[-54.814,-23.89],[-54.793,-23.868],[-54.705,-23.865],[-54.684,-23.83],[-54.589,-23.839],[-54.515,-23.885],[-54.44,-23.904],[-54.427,-23.931],[-54.415,-23.958],[-54.352,-24.008],[-54.324,-24.004],[-54.31,-24.046],[-54.286,-24.068],[-54.227,-24.043],[-54.169,-23.999],[-54.14,-23.988],[-54.102,-23.952],[-54.08,-23.891],[-54.084,-23.865],[-54.084,-23.805],[-54.076,-23.764],[-54.055,-23.731],[-54.051,-23.687],[-54.031,-23.628],[-54.024,-23.586],[-54.007,-23.545],[-54.004,-23.511],[-53.987,-23.467],[-53.96,-23.443],[-53.932,-23.446],[-53.816,-23.386],[-53.776,-23.375],[-53.762,-23.359],[-53.725,-23.31],[-53.715,-23.283],[-53.699,-23.235],[-53.669,-23.184],[-53.655,-23.144],[-53.637,-23.125],[-53.63,-23.013],[-53.634,-23.003],[-53.607,-22.951],[-53.571,-22.928],[-53.547,-22.89],[-53.485,-22.864],[-53.43,-22.833],[-53.41,-22.814],[-53.38,-22.804],[-53.364,-22.784],[-53.327,-22.765],[-53.24,-22.733],[-53.185,-22.719],[-53.128,-22.652],[-53.105,-22.622],[-53.108,-22.595],[-53.058,-22.537],[-53.014,-22.521],[-52.999,-22.493],[-52.948,-22.473],[-52.855,-22.439],[-52.84,-22.415],[-52.798,-22.378],[-52.695,-22.315],[-52.655,-22.303],[-52.571,-22.248],[-52.488,-22.217],[-52.456,-22.185],[-52.408,-22.142],[-52.392,-22.115],[-52.377,-22.107],[-52.339,-22.048],[-52.319,-21.972],[-52.275,-21.915],[-52.248,-21.902],[-52.189,-21.844],[-52.184,-21.814],[-52.161,-21.771],[-52.104,-21.746],[-52.076,-21.715],[-52.056,-21.677],[-52.049,-21.643],[-52.069,-21.598],[-52.102,-21.57],[-52.078,-21.515],[-52.057,-21.504],[-52,-21.517],[-51.962,-21.493],[-51.929,-21.456],[-51.918,-21.412],[-51.9,-21.378],[-51.861,-21.337],[-51.848,-21.267],[-51.88,-21.198],[-51.879,-21.148],[-51.865,-21.13],[-51.824,-21.127],[-51.79,-21.102],[-51.772,-21.051],[-51.76,-21.022],[-51.714,-20.971],[-51.667,-20.971],[-51.624,-20.944],[-51.615,-20.886],[-51.628,-20.869],[-51.633,-20.822],[-51.622,-20.777],[-51.635,-20.755],[-51.603,-20.662],[-51.575,-20.623],[-51.568,-20.618],[-51.5,-20.568],[-51.493,-20.546],[-51.449,-20.483],[-51.419,-20.465],[-51.399,-20.446],[-51.378,-20.402],[-51.343,-20.356],[-51.296,-20.328],[-51.161,-20.305],[-51.109,-20.28],[-51.069,-20.25],[-51.022,-20.133],[-51.001,-20.096],[-51,-20.085],[-51.018,-20.048],[-51.005,-19.996],[-51.021,-19.959],[-50.999,-19.906],[-51.019,-19.87],[-51.024,-19.804],[-51.033,-19.791],[-51.028,-19.757],[-51.046,-19.736],[-51.038,-19.692],[-50.99,-19.605],[-50.988,-19.589],[-50.924,-19.581],[-50.931,-19.542],[-50.963,-19.501],[-50.935,-19.467],[-50.952,-19.443],[-50.986,-19.429],[-50.988,-19.408],[-51.02,-19.387],[-51.045,-19.343],[-51.092,-19.308],[-51.169,-19.287],[-51.186,-19.27],[-51.225,-19.259],[-51.243,-19.269],[-51.277,-19.26],[-51.308,-19.233],[-51.309,-19.218],[-51.364,-19.222],[-51.37,-19.2],[-51.394,-19.196],[-51.42,-19.166],[-51.448,-19.16],[-51.499,-19.161],[-51.539,-19.143],[-51.592,-19.127],[-51.609,-19.141],[-51.66,-19.134],[-51.692,-19.118],[-51.727,-19.108],[-51.816,-19.055],[-51.852,-19.052],[-51.876,-19.031],[-51.897,-18.994],[-51.979,-18.974],[-52.014,-18.976],[-52.044,-18.951],[-52.079,-18.951],[-52.106,-18.926],[-52.111,-18.899],[-52.151,-18.893],[-52.187,-18.846],[-52.293,-18.829],[-52.305,-18.84],[-52.345,-18.823],[-52.354,-18.8],[-52.407,-18.757],[-52.412,-18.744],[-52.448,-18.692],[-52.502,-18.676],[-52.531,-18.657],[-52.566,-18.665],[-52.589,-18.687],[-52.635,-18.691],[-52.687,-18.678],[-52.716,-18.691],[-52.748,-18.692],[-52.81,-18.668],[-52.846,-18.667],[-52.873,-18.646],[-52.913,-18.642],[-52.921,-18.613],[-52.952,-18.577],[-52.962,-18.541],[-52.942,-18.517],[-52.92,-18.511],[-52.881,-18.465],[-52.876,-18.431],[-52.838,-18.424],[-52.798,-18.415],[-52.759,-18.363],[-52.759,-18.348],[-52.797,-18.316],[-52.821,-18.311],[-52.873,-18.315],[-52.935,-18.297],[-52.965,-18.299],[-53.014,-18.326],[-53.023,-18.349],[-53.072,-18.341],[-53.1,-18.314],[-53.11,-18.22],[-53.13,-18.161],[-53.143,-18.084],[-53.124,-18.059],[-53.076,-18.051],[-53.072,-18.034],[-53.174,-18.042],[-53.199,-18.02],[-53.238,-18.007],[-53.292,-17.996],[-53.336,-18.007],[-53.381,-18.009],[-53.404,-17.993]]]},"properties":{"uf":"MS"}},
{"type":"Feature","geometry":{"type":"Polygon","coordinates":[[[-56.272,-9.401],[-56.672,-9.367],[-56.708,-9.373],[-56.754,-9.406],[-56.772,-9.391],[-56.775,-9.329],[-56.803,-9.267],[-56.82,-9.246],[-56.86,-9.232],[-56.872,-9.239],[-56.942,-9.229],[-56.995,-9.234],[-57.023,-9.22],[-57.06,-9.182],[-57.06,-9.137],[-57.039,-9.098],[-57.06,-9.064],[-57.09,-9.038],[-57.095,-9.017],[-57.138,-8.995],[-57.204,-8.921],[-57.235,-8.907],[-57.289,-8.916],[-57.318,-8.886],[-57.384,-8.88],[-57.416,-8.859],[-57.417,-8.793],[-57.463,-8.785],[-57.523,-8.75],[-57.562,-8.761],[-57.593,-8.756],[-57.594,-8.707],[-57.605,-8.663],[-57.623,-8.645],[-57.622,-8.591],[-57.645,-8.582],[-57.65,-8.553],[-57.633,-8.527],[-57.659,-8.5],[-57.652,-8.479],[-57.683,-8.43],[-57.687,-8.407],[-57.668,-8.364],[-57.68,-8.327],[-57.663,-8.268],[-57.642,-8.22],[-57.673,-8.173],[-57.705,-8.168],[-57.719,-8.151],[-57.732,-8.089],[-57.776,-8.052],[-57.832,-7.961],[-57.835,-7.881],[-57.88,-7.782],[-57.897,-7.678],[-57.934,-7.657],[-57.952,-7.58],[-57.973,-7.535],[-58.002,-7.488],[-58.04,-7.446],[-58.061,-7.395],[-58.121,-7.352],[-58.137,-7.356],[-58.173,-7.394],[-58.213,-7.458],[-58.223,-7.524],[-58.204,-7.589],[-58.202,-7.621],[-58.24,-7.654],[-58.276,-7.7],[-58.283,-7.741],[-58.3,-7.777],[-58.34,-7.808],[-58.378,-7.827],[-58.375,-7.899],[-58.355,-7.944],[-58.331,-7.969],[-58.322,-8.025],[-58.293,-8.071],[-58.29,-8.136],[-58.322,-8.17],[-58.313,-8.209],[-58.322,-8.232],[-58.328,-8.286],[-58.315,-8.323],[-58.345,-8.341],[-58.355,-8.393],[-58.39,-8.439],[-58.418,-8.489],[-58.405,-8.538],[-58.41,-8.57],[-58.389,-8.595],[-58.437,-8.703],[-58.412,-8.721],[-58.376,-8.704],[-58.328,-8.712],[-58.388,-8.775],[-58.442,-8.799],[-58.963,-8.803],[-59.127,-8.803],[-59.481,-8.803],[-60,-8.801],[-60.42,-8.797],[-60.835,-8.798],[-61.31,-8.798],[-61.583,-8.799],[-61.514,-8.837],[-61.512,-8.861],[-61.469,-8.92],[-61.506,-8.966],[-61.556,-9.092],[-61.555,-9.131],[-61.524,-9.179],[-61.525,-9.243],[-61.568,-9.237],[-61.6,-9.256],[-61.612,-9.281],[-61.616,-9.327],[-61.628,-9.352],[-61.559,-9.385],[-61.557,-9.436],[-61.582,-9.459],[-61.549,-9.512],[-61.508,-9.54],[-61.496,-9.574],[-61.497,-9.624],[-61.477,-9.63],[-61.502,-9.683],[-61.532,-9.712],[-61.575,-9.718],[-61.531,-9.74],[-61.546,-9.785],[-61.525,-9.796],[-61.508,-9.861],[-61.511,-9.896],[-61.525,-9.907],[-61.523,-9.947],[-61.54,-10],[-61.556,-10.039],[-61.572,-10.046],[-61.601,-10.15],[-61.558,-10.182],[-61.574,-10.209],[-61.577,-10.249],[-61.53,-10.333],[-61.502,-10.354],[-61.503,-10.376],[-61.462,-10.42],[-61.481,-10.488],[-61.476,-10.608],[-61.484,-10.674],[-61.499,-10.699],[-61.476,-10.722],[-61.48,-10.788],[-61.505,-10.785],[-61.509,-10.832],[-61.525,-10.856],[-61.52,-10.919],[-61.53,-10.979],[-61.55,-10.986],[-61.429,-10.987],[-61.001,-10.992],[-61.001,-10.988],[-60.46,-10.99],[-60.43,-11.037],[-60.411,-11.047],[-60.392,-11.094],[-60.35,-11.108],[-60.342,-11.083],[-60.301,-11.057],[-60.282,-11.064],[-60.281,-11.091],[-60.241,-11.097],[-60.191,-11.114],[-60.159,-11.096],[-60.105,-11.109],[-60.075,-11.105],[-60.066,-11.121],[-60.032,-11.128],[-59.977,-11.122],[-59.995,-11.148],[-59.981,-11.204],[-59.98,-11.239],[-59.968,-11.253],[-59.959,-11.295],[-59.927,-11.311],[-59.917,-11.338],[-59.925,-11.362],[-59.921,-11.398],[-59.934,-11.424],[-59.976,-11.439],[-59.985,-11.469],[-60.031,-11.497],[-60.057,-11.542],[-60.094,-11.563],[-60.115,-11.591],[-60.11,-11.615],[-60.122,-11.682],[-60.112,-11.759],[-60.097,-11.795],[-60.103,-11.819],[-60.088,-11.863],[-60.066,-11.891],[-60.007,-11.895],[-59.984,-11.915],[-59.987,-11.96],[-59.971,-11.97],[-59.97,-12.032],[-59.962,-12.056],[-59.929,-12.078],[-59.9,-12.117],[-59.9,-12.166],[-59.911,-12.186],[-59.887,-12.245],[-59.774,-12.341],[-59.779,-12.341],[-59.819,-12.379],[-59.842,-12.425],[-59.844,-12.467],[-59.898,-12.502],[-59.896,-12.536],[-59.948,-12.599],[-59.982,-12.592],[-60.029,-12.619],[-60.06,-12.664],[-60.056,-12.705],[-60.075,-12.734],[-60.062,-12.757],[-60.066,-12.811],[-60.083,-12.853],[-60.079,-12.881],[-60.101,-12.913],[-60.117,-12.96],[-60.183,-12.968],[-60.214,-13.007],[-60.215,-13.027],[-60.241,-13.038],[-60.284,-13.085],[-60.268,-13.145],[-60.304,-13.178],[-60.33,-13.235],[-60.333,-13.258],[-60.372,-13.319],[-60.366,-13.332],[-60.38,-13.375],[-60.373,-13.412],[-60.388,-13.455],[-60.43,-13.482],[-60.511,-13.504],[-60.536,-13.537],[-60.578,-13.565],[-60.624,-13.569],[-60.686,-13.625],[-60.714,-13.676],[-60.709,-13.693],[-60.681,-13.72],[-60.646,-13.739],[-60.623,-13.719],[-60.6,-13.749],[-60.575,-13.747],[-60.569,-13.769],[-60.532,-13.772],[-60.466,-13.812],[-60.487,-13.819],[-60.468,-13.856],[-60.451,-13.927],[-60.429,-13.942],[-60.415,-13.98],[-60.383,-13.993],[-60.402,-14.011],[-60.441,-14.079],[-60.481,-14.096],[-60.474,-14.15],[-60.493,-14.188],[-60.474,-14.191],[-60.45,-14.25],[-60.466,-14.264],[-60.454,-14.314],[-60.406,-14.36],[-60.406,-14.399],[-60.384,-14.439],[-60.379,-14.464],[-60.34,-14.51],[-60.323,-14.61],[-60.274,-14.621],[-60.245,-15.097],[-60.576,-15.097],[-60.239,-15.475],[-60.213,-15.802],[-60.174,-16.267],[-59.705,-16.275],[-59.469,-16.28],[-59.268,-16.288],[-58.786,-16.308],[-58.431,-16.323],[-58.4,-16.304],[-58.389,-16.261],[-58.366,-16.274],[-58.327,-16.27],[-58.304,-16.309],[-58.307,-16.371],[-58.346,-16.393],[-58.356,-16.426],[-58.334,-16.49],[-58.344,-16.518],[-58.394,-16.564],[-58.436,-16.593],[-58.463,-16.653],[-58.473,-16.749],[-58.466,-16.777],[-58.479,-16.814],[-58.464,-16.835],[-58.46,-16.901],[-58.477,-16.937],[-58.463,-16.962],[-58.432,-16.992],[-58.4,-16.998],[-58.392,-17.04],[-58.399,-17.184],[-58.368,-17.199],[-58.347,-17.234],[-58.276,-17.305],[-58.28,-17.319],[-58.22,-17.36],[-58.198,-17.386],[-58.153,-17.384],[-58.145,-17.414],[-58.123,-17.415],[-58.121,-17.448],[-58.091,-17.461],[-58.06,-17.451],[-58.043,-17.493],[-57.996,-17.516],[-57.963,-17.5],[-57.883,-17.449],[-57.752,-17.564],[-57.74,-17.536],[-57.712,-17.543],[-57.693,-17.627],[-57.672,-17.664],[-57.685,-17.716],[-57.664,-17.73],[-57.64,-17.717],[-57.623,-17.736],[-57.609,-17.797],[-57.578,-17.8],[-57.57,-17.817],[-57.531,-17.839],[-57.516,-17.863],[-57.485,-17.862],[-57.46,-17.9],[-57.426,-17.856],[-57.35,-17.837],[-57.311,-17.818],[-57.265,-17.82],[-57.225,-17.783],[-57.101,-17.772],[-57.075,-17.737],[-57.048,-17.732],[-57.033,-17.695],[-56.988,-17.659],[-56.965,-17.622],[-56.982,-17.61],[-56.973,-17.58],[-56.91,-17.532],[-56.876,-17.533],[-56.846,-17.481],[-56.841,-17.442],[-56.824,-17.423],[-56.829,-17.39],[-56.786,-17.387],[-56.767,-17.365],[-56.758,-17.327],[-56.723,-17.308],[-56.683,-17.317],[-56.672,-17.335],[-56.62,-17.322],[-56.612,-17.332],[-56.551,-17.323],[-56.499,-17.29],[-56.451,-17.326],[-56.389,-17.302],[-56.361,-17.281],[-56.336,-17.29],[-56.251,-17.219],[-56.213,-17.226],[-56.184,-17.195],[-56.129,-17.179],[-56.112,-17.166],[-56.083,-17.178],[-56.044,-17.171],[-56.016,-17.19],[-56.012,-17.237],[-55.96,-17.25],[-55.887,-17.285],[-55.87,-17.275],[-55.845,-17.299],[-55.805,-17.309],[-55.79,-17.327],[-55.761,-17.323],[-55.72,-17.349],[-55.658,-17.339],[-55.649,-17.358],[-55.604,-17.367],[-55.603,-17.367],[-55.584,-17.383],[-55.589,-17.414],[-55.515,-17.484],[-55.483,-17.479],[-55.433,-17.512],[-55.405,-17.512],[-55.354,-17.532],[-55.332,-17.549],[-55.3,-17.541],[-55.263,-17.565],[-55.252,-17.592],[-55.139,-17.648],[-55.137,-17.65],[-55.073,-17.632],[-55.047,-17.64],[-54.943,-17.609],[-54.902,-17.612],[-54.861,-17.624],[-54.825,-17.61],[-54.801,-17.583],[-54.759,-17.566],[-54.747,-17.52],[-54.69,-17.503],[-54.636,-17.496],[-54.57,-17.473],[-54.502,-17.481],[-54.474,-17.498],[-54.469,-17.527],[-54.426,-17.537],[-54.392,-17.571],[-54.377,-17.607],[-54.388,-17.632],[-54.343,-17.656],[-54.302,-17.662],[-54.274,-17.654],[-54.244,-17.629],[-54.192,-17.606],[-54.157,-17.605],[-54.134,-17.619],[-54.085,-17.619],[-54.073,-17.588],[-54.052,-17.563],[-54.046,-17.537],[-54.058,-17.513],[-54.023,-17.477],[-53.973,-17.472],[-53.931,-17.439],[-53.915,-17.414],[-53.869,-17.369],[-53.831,-17.355],[-53.835,-17.339],[-53.82,-17.295],[-53.786,-17.287],[-53.763,-17.247],[-53.705,-17.228],[-53.68,-17.254],[-53.693,-17.5],[-53.704,-17.661],[-53.757,-17.673],[-53.799,-17.67],[-53.856,-17.703],[-53.888,-17.749],[-53.913,-17.808],[-53.941,-17.84],[-53.956,-17.883],[-53.952,-17.916],[-53.924,-17.92],[-53.899,-17.909],[-53.854,-17.926],[-53.812,-17.959],[-53.774,-18.001],[-53.737,-17.995],[-53.693,-18.007],[-53.652,-17.976],[-53.616,-17.979],[-53.59,-18.01],[-53.518,-18.021],[-53.486,-18.04],[-53.468,-18.035],[-53.435,-17.985],[-53.404,-17.993],[-53.381,-18.009],[-53.336,-18.007],[-53.292,-17.996],[-53.238,-18.007],[-53.199,-18.02],[-53.174,-18.042],[-53.072,-18.034],[-53.064,-17.988],[-53.071,-17.966],[-53.105,-17.928],[-53.125,-17.917],[-53.132,-17.842],[-53.157,-17.797],[-53.16,-17.775],[-53.202,-17.726],[-53.234,-17.713],[-53.248,-17.627],[-53.24,-17.6],[-53.242,-17.504],[-53.224,-17.458],[-53.231,-17.44],[-53.197,-17.378],[-53.209,-17.316],[-53.195,-17.275],[-53.166,-17.221],[-53.155,-17.187],[-53.128,-17.155],[-53.111,-17.108],[-53.089,-17.101],[-53.055,-17.064],[-53.064,-17.016],[-53.054,-16.968],[-53.035,-16.942],[-53.039,-16.912],[-53.019,-16.9],[-53.014,-16.864],[-52.972,-16.87],[-52.929,-16.838],[-52.914,-16.813],[-52.885,-16.777],[-52.832,-16.772],[-52.786,-16.714],[-52.762,-16.707],[-52.759,-16.671],[-52.741,-16.652],[-52.726,-16.614],[-52.733,-16.586],[-52.703,-16.596],[-52.676,-16.585],[-52.626,-16.532],[-52.629,-16.518],[-52.606,-16.486],[-52.619,-16.446],[-52.641,-16.416],[-52.674,-16.412],[-52.693,-16.366],[-52.683,-16.344],[-52.681,-16.302],[-52.659,-16.281],[-52.625,-16.287],[-52.611,-16.272],[-52.546,-16.26],[-52.569,-16.234],[-52.545,-16.223],[-52.549,-16.165],[-52.472,-16.127],[-52.399,-16.093],[-52.361,-16.082],[-52.328,-16.07],[-52.311,-16.007],[-52.29,-15.965],[-52.257,-15.931],[-52.254,-15.894],[-52.195,-15.881],[-52.128,-15.895],[-52.111,-15.883],[-52.009,-15.886],[-51.972,-15.838],[-51.948,-15.81],[-51.88,-15.824],[-51.823,-15.731],[-51.768,-15.654],[-51.754,-15.615],[-51.781,-15.546],[-51.756,-15.557],[-51.726,-15.544],[-51.732,-15.504],[-51.699,-15.485],[-51.709,-15.462],[-51.691,-15.426],[-51.696,-15.406],[-51.669,-15.374],[-51.691,-15.325],[-51.677,-15.288],[-51.651,-15.273],[-51.669,-15.255],[-51.668,-15.232],[-51.65,-15.2],[-51.647,-15.173],[-51.606,-15.162],[-51.564,-15.109],[-51.547,-15.1],[-51.534,-15.065],[-51.462,-15.048],[-51.43,-15.01],[-51.402,-15.003],[-51.368,-15.01],[-51.353,-14.994],[-51.35,-14.99],[-51.341,-14.98],[-51.339,-14.975],[-51.307,-14.981],[-51.295,-15.03],[-51.276,-15.044],[-51.216,-15.022],[-51.208,-15.009],[-51.157,-14.986],[-51.145,-14.943],[-51.087,-14.921],[-51.09,-14.84],[-51.071,-14.81],[-51.045,-14.793],[-51.053,-14.739],[-51.03,-14.71],[-51.027,-14.659],[-50.993,-14.612],[-50.994,-14.57],[-50.964,-14.528],[-50.968,-14.482],[-50.989,-14.454],[-50.998,-14.414],[-50.987,-14.358],[-50.969,-14.336],[-50.977,-14.293],[-50.954,-14.232],[-50.942,-14.221],[-50.91,-14.148],[-50.92,-14.127],[-50.899,-14.115],[-50.852,-14.118],[-50.841,-14.104],[-50.831,-14.083],[-50.856,-14.019],[-50.866,-13.96],[-50.84,-13.924],[-50.841,-13.864],[-50.859,-13.829],[-50.855,-13.757],[-50.874,-13.734],[-50.848,-13.713],[-50.809,-13.697],[-50.772,-13.604],[-50.759,-13.52],[-50.715,-13.491],[-50.683,-13.445],[-50.664,-13.435],[-50.669,-13.395],[-50.611,-13.32],[-50.585,-13.215],[-50.605,-13.191],[-50.593,-13.161],[-50.6,-13.142],[-50.595,-13.097],[-50.61,-13.065],[-50.58,-13.055],[-50.571,-13.034],[-50.587,-12.998],[-50.549,-12.993],[-50.524,-12.971],[-50.526,-12.934],[-50.513,-12.913],[-50.511,-12.861],[-50.513,-12.845],[-50.567,-12.843],[-50.6,-12.824],[-50.582,-12.799],[-50.625,-12.8],[-50.63,-12.776],[-50.623,-12.735],[-50.655,-12.679],[-50.656,-12.646],[-50.684,-12.648],[-50.701,-12.643],[-50.7,-12.595],[-50.662,-12.532],[-50.647,-12.485],[-50.653,-12.46],[-50.624,-12.455],[-50.618,-12.429],[-50.634,-12.414],[-50.627,-12.384],[-50.645,-12.346],[-50.638,-12.325],[-50.649,-12.299],[-50.632,-12.269],[-50.651,-12.245],[-50.644,-12.223],[-50.681,-12.217],[-50.679,-12.155],[-50.668,-12.065],[-50.687,-12.036],[-50.682,-11.991],[-50.657,-11.967],[-50.668,-11.93],[-50.641,-11.903],[-50.639,-11.885],[-50.686,-11.859],[-50.691,-11.817],[-50.722,-11.74],[-50.717,-11.727],[-50.664,-11.677],[-50.657,-11.593],[-50.67,-11.582],[-50.716,-11.579],[-50.739,-11.544],[-50.735,-11.512],[-50.742,-11.46],[-50.728,-11.417],[-50.728,-11.383],[-50.712,-11.36],[-50.7,-11.313],[-50.671,-11.287],[-50.655,-11.215],[-50.664,-11.152],[-50.635,-11.097],[-50.609,-11.067],[-50.633,-10.932],[-50.601,-10.901],[-50.619,-10.864],[-50.612,-10.81],[-50.597,-10.805],[-50.571,-10.752],[-50.591,-10.681],[-50.603,-10.661],[-50.603,-10.66],[-50.583,-10.644],[-50.563,-10.611],[-50.541,-10.609],[-50.52,-10.562],[-50.517,-10.505],[-50.483,-10.49],[-50.487,-10.462],[-50.474,-10.405],[-50.448,-10.392],[-50.418,-10.355],[-50.423,-10.327],[-50.382,-10.212],[-50.398,-10.155],[-50.378,-10.111],[-50.34,-10.061],[-50.303,-10.035],[-50.278,-9.971],[-50.265,-9.913],[-50.225,-9.841],[-50.501,-9.824],[-50.846,-9.801],[-51.304,-9.773],[-51.724,-9.745],[-52.257,-9.708],[-52.619,-9.682],[-53.133,-9.645],[-53.589,-9.611],[-54.107,-9.572],[-54.613,-9.536],[-54.996,-9.505],[-55.378,-9.474],[-55.867,-9.434],[-56.156,-9.41],[-56.272,-9.401]]]},"properties":{"uf":"MT"}},
{"type":"Feature","geometry":{"type":"Polygon","coordinates":[[[-48.235,-15.66],[-48.218,-15.623],[-48.2,-15.623],[-48.2,-15.502],[-48.054,-15.502],[-47.493,-15.502],[-47.418,-15.502],[-47.418,-15.546],[-47.378,-15.576],[-47.348,-15.579],[-47.322,-15.598],[-47.334,-15.629],[-47.331,-15.683],[-47.312,-15.697],[-47.315,-15.746],[-47.34,-15.795],[-47.366,-15.827],[-47.379,-15.887],[-47.362,-15.929],[-47.377,-15.962],[-47.37,-16.001],[-47.348,-16.007],[-47.31,-16.036],[-47.287,-16.009],[-47.226,-16.016],[-47.209,-15.99],[-47.17,-15.971],[-47.172,-15.954],[-47.137,-15.927],[-47.107,-15.958],[-47.077,-15.958],[-47.056,-15.938],[-46.952,-15.917],[-46.825,-15.886],[-46.806,-15.871],[-46.823,-15.825],[-46.813,-15.787],[-46.828,-15.729],[-46.856,-15.682],[-46.855,-15.618],[-46.883,-15.61],[-46.946,-15.563],[-46.944,-15.518],[-46.932,-15.483],[-46.93,-15.443],[-46.912,-15.411],[-46.849,-15.373],[-46.836,-15.326],[-46.874,-15.285],[-46.889,-15.282],[-46.891,-15.235],[-46.928,-15.255],[-46.937,-15.205],[-46.888,-15.112],[-46.926,-15.074],[-46.925,-15.057],[-46.857,-15.01],[-46.786,-15.018],[-46.682,-15.059],[-46.656,-15.081],[-46.625,-15.089],[-46.577,-15.084],[-46.526,-15.056],[-46.503,-15.051],[-46.531,-15.005],[-46.518,-14.97],[-46.541,-14.952],[-46.54,-14.892],[-46.522,-14.851],[-46.532,-14.83],[-46.56,-14.815],[-46.564,-14.783],[-46.544,-14.753],[-46.51,-14.738],[-46.503,-14.704],[-46.475,-14.705],[-46.424,-14.756],[-46.322,-14.815],[-46.325,-14.846],[-46.3,-14.858],[-46.319,-14.9],[-46.287,-14.928],[-46.232,-14.922],[-46.172,-14.947],[-46.162,-14.931],[-46.119,-14.921],[-46.088,-14.936],[-46.039,-14.875],[-46.025,-14.856],[-46.041,-14.826],[-46.003,-14.796],[-45.997,-14.741],[-46.005,-14.689],[-46.025,-14.678],[-46.021,-14.67],[-45.992,-14.662],[-45.985,-14.619],[-45.998,-14.604],[-45.981,-14.532],[-46.004,-14.515],[-45.996,-14.488],[-46.019,-14.472],[-46,-14.447],[-45.932,-14.409],[-45.907,-14.355],[-45.942,-14.343],[-45.957,-14.321],[-45.964,-14.284],[-45.995,-14.256],[-46.03,-14.259],[-46.06,-14.232],[-46.061,-14.195],[-46.098,-14.197],[-46.116,-14.162],[-46.187,-14.153],[-46.221,-14.107],[-46.227,-14.049],[-46.212,-14.01],[-46.22,-13.975],[-46.254,-13.967],[-46.264,-13.947],[-46.257,-13.887],[-46.232,-13.849],[-46.277,-13.791],[-46.223,-13.765],[-46.254,-13.735],[-46.236,-13.708],[-46.256,-13.684],[-46.216,-13.636],[-46.163,-13.604],[-46.2,-13.572],[-46.232,-13.583],[-46.247,-13.522],[-46.225,-13.505],[-46.233,-13.482],[-46.209,-13.466],[-46.232,-13.419],[-46.192,-13.41],[-46.159,-13.381],[-46.135,-13.375],[-46.073,-13.311],[-46.068,-13.295],[-46.103,-13.257],[-46.175,-13.277],[-46.22,-13.296],[-46.292,-13.317],[-46.318,-13.305],[-46.3,-13.283],[-46.305,-13.252],[-46.328,-13.253],[-46.302,-13.191],[-46.3,-13.128],[-46.329,-13.1],[-46.299,-13.064],[-46.275,-13.02],[-46.194,-12.997],[-46.125,-12.96],[-46.113,-12.918],[-46.151,-12.938],[-46.178,-12.94],[-46.198,-12.957],[-46.229,-12.958],[-46.305,-12.978],[-46.371,-12.988],[-46.365,-12.935],[-46.366,-12.863],[-46.398,-12.851],[-46.418,-12.822],[-46.433,-12.929],[-46.446,-12.936],[-46.455,-12.971],[-46.635,-12.97],[-46.751,-12.969],[-46.823,-13.007],[-46.855,-13.068],[-46.894,-13.054],[-46.978,-13.121],[-47.011,-13.141],[-47.091,-13.173],[-47.132,-13.178],[-47.155,-13.21],[-47.197,-13.194],[-47.225,-13.193],[-47.252,-13.213],[-47.281,-13.265],[-47.296,-13.249],[-47.327,-13.252],[-47.38,-13.231],[-47.393,-13.262],[-47.417,-13.271],[-47.454,-13.252],[-47.465,-13.227],[-47.488,-13.212],[-47.477,-13.187],[-47.541,-13.192],[-47.565,-13.18],[-47.569,-13.117],[-47.617,-13.104],[-47.646,-13.12],[-47.645,-13.15],[-47.667,-13.208],[-47.64,-13.264],[-47.658,-13.295],[-47.65,-13.349],[-47.624,-13.376],[-47.68,-13.468],[-47.798,-13.329],[-47.824,-13.312],[-47.885,-13.32],[-47.893,-13.308],[-47.937,-13.291],[-47.966,-13.313],[-47.981,-13.284],[-48.033,-13.274],[-48.062,-13.236],[-48.076,-13.246],[-48.079,-13.285],[-48.156,-13.308],[-48.17,-13.3],[-48.153,-13.28],[-48.167,-13.233],[-48.153,-13.219],[-48.166,-13.189],[-48.144,-13.152],[-48.18,-13.152],[-48.235,-13.176],[-48.25,-13.197],[-48.292,-13.22],[-48.342,-13.232],[-48.385,-13.264],[-48.462,-13.275],[-48.477,-13.178],[-48.469,-13.159],[-48.495,-13.137],[-48.516,-13.139],[-48.53,-13.192],[-48.554,-13.204],[-48.554,-13.303],[-48.58,-13.313],[-48.6,-13.288],[-48.589,-13.255],[-48.579,-13.17],[-48.592,-13.158],[-48.576,-13.124],[-48.598,-13.083],[-48.6,-13.059],[-48.628,-13.051],[-48.638,-13.017],[-48.67,-12.996],[-48.717,-13.001],[-48.732,-12.985],[-48.736,-12.921],[-48.775,-12.887],[-48.84,-12.843],[-48.847,-12.809],[-48.87,-12.803],[-48.88,-12.817],[-48.976,-12.957],[-49.032,-12.902],[-49.05,-12.909],[-49.088,-12.891],[-49.073,-12.855],[-49.105,-12.835],[-49.118,-12.79],[-49.189,-12.85],[-49.211,-12.878],[-49.238,-12.884],[-49.251,-12.93],[-49.281,-12.97],[-49.28,-12.989],[-49.303,-13.029],[-49.336,-13.063],[-49.355,-13.107],[-49.342,-13.124],[-49.349,-13.217],[-49.339,-13.253],[-49.368,-13.272],[-49.707,-13.086],[-49.909,-12.975],[-49.978,-12.941],[-50.09,-12.908],[-50.185,-12.894],[-50.224,-12.873],[-50.225,-12.86],[-50.286,-12.84],[-50.308,-12.817],[-50.311,-12.792],[-50.296,-12.711],[-50.268,-12.652],[-50.237,-12.624],[-50.245,-12.597],[-50.193,-12.564],[-50.229,-12.532],[-50.215,-12.482],[-50.142,-12.395],[-50.206,-12.445],[-50.254,-12.462],[-50.262,-12.477],[-50.305,-12.492],[-50.334,-12.52],[-50.331,-12.535],[-50.37,-12.558],[-50.386,-12.59],[-50.417,-12.623],[-50.435,-12.658],[-50.432,-12.688],[-50.479,-12.713],[-50.487,-12.744],[-50.475,-12.771],[-50.493,-12.784],[-50.484,-12.809],[-50.511,-12.861],[-50.513,-12.913],[-50.526,-12.934],[-50.524,-12.971],[-50.549,-12.993],[-50.587,-12.998],[-50.571,-13.034],[-50.58,-13.055],[-50.61,-13.065],[-50.595,-13.097],[-50.6,-13.142],[-50.593,-13.161],[-50.605,-13.191],[-50.585,-13.215],[-50.611,-13.32],[-50.669,-13.395],[-50.664,-13.435],[-50.683,-13.445],[-50.715,-13.491],[-50.759,-13.52],[-50.772,-13.604],[-50.809,-13.697],[-50.848,-13.713],[-50.874,-13.734],[-50.855,-13.757],[-50.859,-13.829],[-50.841,-13.864],[-50.84,-13.924],[-50.866,-13.96],[-50.856,-14.019],[-50.831,-14.083],[-50.841,-14.104],[-50.852,-14.118],[-50.899,-14.115],[-50.92,-14.127],[-50.91,-14.148],[-50.942,-14.221],[-50.954,-14.232],[-50.977,-14.293],[-50.969,-14.336],[-50.987,-14.358],[-50.998,-14.414],[-50.989,-14.454],[-50.968,-14.482],[-50.964,-14.528],[-50.994,-14.57],[-50.993,-14.612],[-51.027,-14.659],[-51.03,-14.71],[-51.053,-14.739],[-51.045,-14.793],[-51.071,-14.81],[-51.09,-14.84],[-51.087,-14.921],[-51.145,-14.943],[-51.157,-14.986],[-51.208,-15.009],[-51.216,-15.022],[-51.276,-15.044],[-51.295,-15.03],[-51.307,-14.981],[-51.339,-14.975],[-51.341,-14.98],[-51.347,-14.988],[-51.353,-14.994],[-51.368,-15.01],[-51.402,-15.003],[-51.43,-15.01],[-51.462,-15.048],[-51.534,-15.065],[-51.547,-15.1],[-51.564,-15.109],[-51.606,-15.162],[-51.647,-15.173],[-51.65,-15.2],[-51.668,-15.232],[-51.669,-15.255],[-51.651,-15.273],[-51.677,-15.288],[-51.691,-15.325],[-51.669,-15.374],[-51.696,-15.406],[-51.691,-15.426],[-51.709,-15.462],[-51.699,-15.485],[-51.732,-15.504],[-51.726,-15.544],[-51.756,-15.557],[-51.781,-15.546],[-51.754,-15.615],[-51.768,-15.654],[-51.823,-15.731],[-51.88,-15.824],[-51.948,-15.81],[-51.972,-15.838],[-52.009,-15.886],[-52.111,-15.883],[-52.128,-15.895],[-52.195,-15.881],[-52.254,-15.894],[-52.257,-15.931],[-52.29,-15.965],[-52.311,-16.007],[-52.328,-16.07],[-52.361,-16.082],[-52.399,-16.093],[-52.472,-16.127],[-52.549,-16.165],[-52.545,-16.223],[-52.569,-16.234],[-52.546,-16.26],[-52.611,-16.272],[-52.625,-16.287],[-52.659,-16.281],[-52.681,-16.302],[-52.683,-16.344],[-52.693,-16.366],[-52.674,-16.412],[-52.641,-16.416],[-52.619,-16.446],[-52.606,-16.486],[-52.629,-16.518],[-52.626,-16.532],[-52.676,-16.585],[-52.703,-16.596],[-52.733,-16.586],[-52.726,-16.614],[-52.741,-16.652],[-52.759,-16.671],[-52.762,-16.707],[-52.786,-16.714],[-52.832,-16.772],[-52.885,-16.777],[-52.914,-16.813],[-52.929,-16.838],[-52.972,-16.87],[-53.014,-16.864],[-53.019,-16.9],[-53.039,-16.912],[-53.035,-16.942],[-53.054,-16.968],[-53.064,-17.016],[-53.055,-17.064],[-53.089,-17.101],[-53.111,-17.108],[-53.128,-17.155],[-53.155,-17.187],[-53.166,-17.221],[-53.195,-17.275],[-53.209,-17.316],[-53.197,-17.378],[-53.231,-17.44],[-53.224,-17.458],[-53.242,-17.504],[-53.24,-17.6],[-53.248,-17.627],[-53.234,-17.713],[-53.202,-17.726],[-53.16,-17.775],[-53.157,-17.797],[-53.132,-17.842],[-53.125,-17.917],[-53.105,-17.928],[-53.071,-17.966],[-53.064,-17.988],[-53.072,-18.034],[-53.076,-18.051],[-53.124,-18.059],[-53.143,-18.084],[-53.13,-18.161],[-53.11,-18.22],[-53.1,-18.314],[-53.072,-18.341],[-53.023,-18.349],[-53.014,-18.326],[-52.965,-18.299],[-52.935,-18.297],[-52.873,-18.315],[-52.821,-18.311],[-52.797,-18.316],[-52.759,-18.348],[-52.759,-18.363],[-52.798,-18.415],[-52.838,-18.424],[-52.876,-18.431],[-52.881,-18.465],[-52.92,-18.511],[-52.942,-18.517],[-52.962,-18.541],[-52.952,-18.577],[-52.921,-18.613],[-52.913,-18.642],[-52.873,-18.646],[-52.846,-18.667],[-52.81,-18.668],[-52.748,-18.692],[-52.716,-18.691],[-52.687,-18.678],[-52.635,-18.691],[-52.589,-18.687],[-52.566,-18.665],[-52.531,-18.657],[-52.502,-18.676],[-52.448,-18.692],[-52.412,-18.744],[-52.407,-18.757],[-52.354,-18.8],[-52.345,-18.823],[-52.305,-18.84],[-52.293,-18.829],[-52.187,-18.846],[-52.151,-18.893],[-52.111,-18.899],[-52.106,-18.926],[-52.079,-18.951],[-52.044,-18.951],[-52.014,-18.976],[-51.979,-18.974],[-51.897,-18.994],[-51.876,-19.031],[-51.852,-19.052],[-51.816,-19.055],[-51.727,-19.108],[-51.692,-19.118],[-51.66,-19.134],[-51.609,-19.141],[-51.592,-19.127],[-51.539,-19.143],[-51.499,-19.161],[-51.448,-19.16],[-51.42,-19.166],[-51.394,-19.196],[-51.37,-19.2],[-51.364,-19.222],[-51.309,-19.218],[-51.308,-19.233],[-51.277,-19.26],[-51.243,-19.269],[-51.225,-19.259],[-51.186,-19.27],[-51.169,-19.287],[-51.092,-19.308],[-51.045,-19.343],[-51.02,-19.387],[-50.988,-19.408],[-50.986,-19.429],[-50.952,-19.443],[-50.935,-19.467],[-50.849,-19.498],[-50.826,-19.473],[-50.875,-19.423],[-50.828,-19.311],[-50.817,-19.289],[-50.746,-19.24],[-50.74,-19.213],[-50.733,-19.187],[-50.682,-19.176],[-50.674,-19.136],[-50.646,-19.135],[-50.586,-19.139],[-50.535,-19.099],[-50.503,-19.047],[-50.495,-19.013],[-50.512,-18.952],[-50.506,-18.932],[-50.473,-18.921],[-50.443,-18.894],[-50.423,-18.833],[-50.37,-18.804],[-50.352,-18.76],[-50.314,-18.701],[-50.27,-18.684],[-50.199,-18.679],[-50.164,-18.664],[-50.08,-18.672],[-50.05,-18.643],[-50.029,-18.601],[-49.981,-18.605],[-49.932,-18.624],[-49.889,-18.61],[-49.795,-18.644],[-49.758,-18.61],[-49.723,-18.609],[-49.653,-18.574],[-49.642,-18.555],[-49.548,-18.54],[-49.546,-18.499],[-49.5,-18.491],[-49.486,-18.532],[-49.478,-18.564],[-49.456,-18.578],[-49.406,-18.645],[-49.373,-18.635],[-49.343,-18.596],[-49.327,-18.562],[-49.293,-18.564],[-49.286,-18.536],[-49.249,-18.523],[-49.228,-18.479],[-49.201,-18.461],[-49.211,-18.423],[-49.159,-18.417],[-49.126,-18.384],[-49.079,-18.417],[-49.054,-18.403],[-49.03,-18.369],[-49.006,-18.374],[-48.981,-18.356],[-48.959,-18.323],[-48.918,-18.306],[-48.873,-18.333],[-48.832,-18.346],[-48.828,-18.375],[-48.758,-18.345],[-48.742,-18.352],[-48.654,-18.343],[-48.634,-18.328],[-48.602,-18.335],[-48.561,-18.324],[-48.554,-18.347],[-48.516,-18.366],[-48.493,-18.353],[-48.479,-18.38],[-48.449,-18.357],[-48.411,-18.358],[-48.4,-18.373],[-48.342,-18.371],[-48.318,-18.367],[-48.272,-18.329],[-48.227,-18.346],[-48.221,-18.362],[-48.159,-18.375],[-48.146,-18.409],[-48.094,-18.431],[-48.047,-18.418],[-48.027,-18.436],[-47.997,-18.453],[-47.955,-18.5],[-47.914,-18.467],[-47.888,-18.477],[-47.865,-18.449],[-47.86,-18.44],[-47.837,-18.436],[-47.83,-18.411],[-47.769,-18.418],[-47.737,-18.363],[-47.694,-18.375],[-47.68,-18.356],[-47.61,-18.316],[-47.633,-18.292],[-47.607,-18.246],[-47.567,-18.211],[-47.539,-18.217],[-47.497,-18.199],[-47.451,-18.159],[-47.43,-18.165],[-47.408,-18.142],[-47.392,-18.117],[-47.37,-18.116],[-47.324,-18.07],[-47.283,-18.058],[-47.283,-18.041],[-47.297,-18.01],[-47.323,-17.983],[-47.314,-17.963],[-47.335,-17.948],[-47.342,-17.9],[-47.357,-17.894],[-47.357,-17.855],[-47.371,-17.83],[-47.355,-17.815],[-47.336,-17.763],[-47.342,-17.746],[-47.317,-17.725],[-47.314,-17.7],[-47.272,-17.674],[-47.279,-17.643],[-47.265,-17.611],[-47.313,-17.543],[-47.325,-17.524],[-47.375,-17.523],[-47.4,-17.512],[-47.467,-17.534],[-47.509,-17.501],[-47.513,-17.463],[-47.537,-17.457],[-47.525,-17.412],[-47.511,-17.326],[-47.487,-17.349],[-47.438,-17.318],[-47.424,-17.324],[-47.411,-17.249],[-47.384,-17.248],[-47.348,-17.176],[-47.326,-17.154],[-47.293,-17.139],[-47.277,-17.111],[-47.225,-17.077],[-47.198,-17.072],[-47.178,-17.041],[-47.147,-17.032],[-47.129,-16.975],[-47.154,-16.953],[-47.181,-16.902],[-47.208,-16.875],[-47.206,-16.838],[-47.221,-16.802],[-47.22,-16.778],[-47.236,-16.755],[-47.226,-16.72],[-47.246,-16.7],[-47.252,-16.664],[-47.288,-16.642],[-47.347,-16.591],[-47.374,-16.593],[-47.431,-16.549],[-47.459,-16.504],[-47.455,-16.466],[-47.429,-16.437],[-47.427,-16.399],[-47.365,-16.33],[-47.353,-16.307],[-47.352,-16.275],[-47.322,-16.231],[-47.323,-16.209],[-47.332,-16.172],[-47.352,-16.134],[-47.337,-16.119],[-47.333,-16.087],[-47.313,-16.089],[-47.308,-16.05],[-47.684,-16.05],[-47.939,-16.05],[-48.016,-16.05],[-48.018,-16.05],[-48.085,-16.05],[-48.278,-16.05],[-48.272,-16.011],[-48.251,-15.956],[-48.275,-15.909],[-48.286,-15.845],[-48.282,-15.831],[-48.268,-15.808],[-48.243,-15.797],[-48.209,-15.75],[-48.208,-15.718],[-48.241,-15.706],[-48.235,-15.66]]]},"properties":{"uf":"GO"}},
{"type":"Feature","geometry":{"type":"Polygon","coordinates":[[[-47.31,-16.036],[-47.348,-16.007],[-47.37,-16.001],[-47.377,-15.962],[-47.362,-15.929],[-47.379,-15.887],[-47.366,-15.827],[-47.34,-15.795],[-47.315,-15.746],[-47.312,-15.697],[-47.331,-15.683],[-47.334,-15.629],[-47.322,-15.598],[-47.348,-15.579],[-47.378,-15.576],[-47.418,-15.546],[-47.418,-15.502],[-47.493,-15.502],[-48.054,-15.502],[-48.2,-15.502],[-48.2,-15.623],[-48.218,-15.623],[-48.235,-15.66],[-48.241,-15.706],[-48.208,-15.718],[-48.209,-15.75],[-48.243,-15.797],[-48.268,-15.808],[-48.282,-15.831],[-48.286,-15.845],[-48.275,-15.909],[-48.251,-15.956],[-48.272,-16.011],[-48.278,-16.05],[-48.085,-16.05],[-48.018,-16.05],[-48.016,-16.05],[-47.939,-16.05],[-47.684,-16.05],[-47.308,-16.05],[-47.31,-16.036]]]},"properties":{"uf":"DF"}}
]}